Name,Rating_in_Amazon,Price_in_Amazon,Amazon url,rating in flipkart,price in flipkart,flipkart url
Tell Me your Dreams,4.4,324,https://www.amazon.in/Tell-your-Dreams-Sidney-Sheldon/dp/8172234902/ref=sr_1_1?crid=1D81AYKOI4L1&dib=eyJ2IjoiMSJ9.nqIPU5ktcZQXMWs9W_OegUS5NyLPd4prqBJG4nZEO_7d-bx34OaeJ5NSoGjkPWRpociZT8r46HiR9USBDlp7e4wQfwQsHj2fl128vVItD8F3y5Jaba4nJk3gHTGftbYMw5ltCOcK60gEIuLj1Q8cv-L--7ipS1rK0o-ymYyagEQh8S45q6oNCt486gbYLdXMAIk6u3s6VDf0zNBa1XTRdjBTUS-euYS8pEMyxBauA2c.2ylsZ_h_D25lTYaJXbUYrNaSwXtCyFxhszGTOuEqCw4&dib_tag=se&keywords=Tell+Me+your+Dreams&qid=1745718298&sprefix=tell+me+your+dreams%2Caps%2C477&sr=8-1,4.6,353,https://www.flipkart.com/tell-me-your-dreams/p/itmfbt4zkgzc6dby?pid=9788172234904&lid=LSTBOK9788172234904XY28BJ&marketplace=FLIPKART&q=Tell+Me+Your+Dreams&store=search.flipkart.com&srno=s_1_1&otracker=search&otracker1=search&fm=organic&iid=76eba156-2cf3-4510-b2a6-d0e9b6720d64.9788172234904.SEARCH&ppt=hp&ppn=homepage&ssid=nr20a9pho00000001745718430854&qH=5349cae56aa6624d
The Boy in the Striped Pyjamas (Definitions),4.6,216,https://www.amazon.in/Striped-Pyjamas-Vintage-Childrens-Classics-ebook/dp/B008PUF3VS?ref_=ast_author_mpb,4.6,250,https://www.flipkart.com/boy-striped-pyjamas/p/itmfc8q4spugnppp?pid=9780099572862&lid=LSTBOK9780099572862CL57TH&marketplace=FLIPKART&q=the+boy+in+the+striped+pyjamas&store=bks&srno=s_1_1&otracker=AS_QueryStore_OrganicAutoSuggest_2_42_na_pm_ps&otracker1=AS_QueryStore_OrganicAutoSuggest_2_42_na_pm_ps&fm=Search&iid=00c153e0-5aba-4325-920d-fe6b5f33ca20.9780099572862.SEARCH&ppt=sp&ppn=sp&ssid=tdt2agg85c0000001745718666810&qH=933ea1c6465848a1
"Romancing the Balance Sheet: For Anyone Who Owns, Runs or Manages a Business",4.5,431,https://www.amazon.in/Romancing-Balance-Sheet-Manages-Business/dp/B0F3X9J3CK/ref=sr_1_1?crid=3FVJWKA3SFEEH&dib=eyJ2IjoiMSJ9.DCEYaax0nb4k8frh0aScmTi6rK57hpRUSSt2coH5NHC20C2xs-LokPOBHXnBPERMSAAk_Pdv8ow6ZhbubQUgL0Os96EgUHxauqhjUsJZ7hpJhUVaFwPtW0tswytTMiks2RfnJ858uPhwHvW5VjOm7UZWbYaugkGCzT4n3iOG4aBsZL6Rayg7hOMm3n-uZvjyj0R4xNoWE5uLRIblEKYdiTGLnoUmKWGGNz0eA5rv3Gc.umiWgqnUHb-IDiHUAi1OGfqVkG7GMtR1wI07rnbDPmQ&dib_tag=se&keywords=Romancing+the+Balance+Sheet%3A+For+Anyone+Who+Owns%2C+Runs+or+Manages+a+Business&nsdOptOutParam=true&qid=1745718862&s=digital-text&sprefix=romancing+the+balance+sheet+for+anyone+who+owns%2C+runs+or+manages+a+business%2Cdigital-text%2C298&sr=1-1-catcorr,4.2,310,https://www.flipkart.com/romancing-balance-sheet-anyone-owns-runs-manages-business/p/itm47cfc44dea8e7?pid=9785003831400&lid=LSTBOK9785003831400WGB4G9&marketplace=FLIPKART&q=Romancing+the+Balance+Sheet%3A+For+Anyone+Who+Owns%2C+Runs+or+Manages+a+Business&store=bks&srno=s_1_1&otracker=search&otracker1=search&fm=Search&iid=4de67962-a0be-49bd-a676-fccb5d8399c6.9785003831400.SEARCH&ppt=pp&ppn=pp&ssid=26tjyeg3hs0000001745718953022&qH=22b30d761e202135
Mossad,4.3,321,https://www.amazon.in/Mossad-Hindi-Michael-Bar-Zohar-ebook/dp/B09SGJ72L6/ref=sr_1_3?crid=3IBZWOREBP7L&dib=eyJ2IjoiMSJ9.juLraI7_ybPMiXXsFOZaN8ruJpvrlLTPTLCIL0uJ8t1iCe9F1kdbdA-x0wRWDBJQ1TLMuT3TxA9ueYWEIrypQADdjMt8d2ZFwGff4-JBZ_vF-U6E5MDJ_XMLf5SKXX_4kryLB0zjIc5bKtbMWMEZc4i_MotTUTqJp_TLNIq2B4f3hFOVhTvghsFpRyM4gXhM8zDB3dn5zCyyRqRTXjdr22w7P2KRkFULiU18ORIwAl8.WColnFTBMzK6aXl9DPyJU0zrt9vRDT4pp8yag24-Ga8&dib_tag=se&keywords=Mossad&qid=1745719149&s=digital-text&sprefix=mossad%2Cdigital-text%2C307&sr=1-3,4.5,358,https://www.flipkart.com/mossad-paperback-michael-bar-zohar-nissim-mishal-paperback-1/p/itmfcyvmyf4fghua?pid=9788184958454&lid=LSTBOK9788184958454NLMJSX&marketplace=FLIPKART&q=Mossad&store=search.flipkart.com&srno=s_1_1&otracker=search&otracker1=search&fm=Search&iid=5783eeb9-3da5-4819-800e-32be66388590.9788184958454.SEARCH&ppt=pp&ppn=pp&ssid=rej8sq3ec00000001745719067888&qH=79b91e941981f318
My Story,4.4,220,https://www.amazon.in/My-Story/dp/B08FNQB3KK/ref=sr_1_1?crid=2KFAKJOC34Y0C&dib=eyJ2IjoiMSJ9.W24PYMucXZlsYRTjcb-y7_Aeq8eG2bfHHQALL2oDL_IVuFqQGLfVEc4MzitNENiNLGXh78MhKIiHW4FrnMps_w.RDhOVR_LeiD5vWgm_8OpMlYO1pQafyHc_TYc00t2Qac&dib_tag=se&keywords=my+story+kamala+das&nsdOptOutParam=true&qid=1745719384&s=digital-text&sprefix=My+story+%2Cdigital-text%2C305&sr=1-1,4.4,191,https://www.flipkart.com/my-story/p/itmf3qd5x4fkkjhn?pid=9788172238971&lid=LSTBOK9788172238971T3WTVR&marketplace=FLIPKART&q=My+Story&store=search.flipkart.com&srno=s_1_1&otracker=search&otracker1=search&fm=Search&iid=058fccf4-70d6-4375-8cf6-b2e3c53f3b32.9788172238971.SEARCH&ppt=pp&ppn=pp&ssid=43ib93q1b40000001745719323240&qH=c9f3f5496d14cd11
12 Years a Slave,4.7,79,https://www.amazon.in/12-Years-a-Slave/dp/B08X4YDV2G/ref=sr_1_1?crid=FQVKBXSAP4RM&dib=eyJ2IjoiMSJ9.0aG3Mwixy89arc_kUCqCoW_5HzdNYEOR5i2gqF8OBgUC3Am6EmVpoVqgYd_jmoyd9OhwK6HWqn0Koepjd4_pqL45-WIa_l3IBg6LUvtsvKQ.l58j_7F42OKS0wxIZmw-96TQhVae2QhPPkTuf0BbLWg&dib_tag=se&keywords=12+Years+a+Slave&qid=1745719562&s=audible&sprefix=12+years+a+slave%2Caudible%2C262&sr=1-1,4.3,215,https://www.flipkart.com/twelve-years-slave/p/itmfbdzz2uk4hnhj?pid=9789390896592&lid=LSTBOK9789390896592QTB5F9&marketplace=FLIPKART&q=12+Years+a+Slave+book+solomun+northub&store=bks&srno=s_1_7&otracker=search&otracker1=search&fm=Search&iid=fbd780b9-c12a-4c80-b90e-0d10b0d372e9.9789390896592.SEARCH&ppt=sp&ppn=sp&ssid=bucql2nwzk0000001745719710691&qH=0d9dc35f56fba663
Headley And I,4,280,https://www.amazon.in/Headley-I-S-Hussain-Zaidi/dp/9350295725/ref=sr_1_1?crid=1YTMNH6RUOOFK&dib=eyJ2IjoiMSJ9.95TSvQYTKMLAei4oqZaFLI0cAdZgjplLV9lM0T5a_0a-FvOPcIFKGyF_eLQhbhuJHwiGYmY8SdpgocxbPWKUi_WDr4wEGtjwkx3EGp0ixwBHiWCiWVLajJuBH7CUcnF2XLmcdkgce2uLumi-g4J3uR7VbyBdMxILrcX-Re-l_BtmLMduzIv0A-Xqp-C_4FmYWcWB8bKhAo3HpUnqEd2eCb-Ku0FHfa779YT_rpEL0cw.QXFxFkzrv_Qm9PdsGvRd-O8Avfi-dcsok_41wCRV89Q&dib_tag=se&keywords=Headley+and+I&qid=1745719902&s=audible&sprefix=headley+and+i%2Caudible%2C322&sr=1-1-catcorr,4.2,294,https://www.flipkart.com/headley-and-i/p/itmf3qd5uhxfmeyf?pid=9789350295724&lid=LSTBOK9789350295724NRQ0IY&marketplace=FLIPKART&q=Headley+And+I+book&store=search.flipkart.com&srno=s_1_3&otracker=search&otracker1=search&fm=Search&iid=93b2d7cf-41e9-486b-9a63-2322c4d622ee.9789350295724.SEARCH&ppt=sp&ppn=sp&ssid=cw1bi2gwyo0000001745719827611&qH=00b92311b8ac67ce
The 7 Habits of Highly Effective People,4.4,399,https://www.amazon.in/HABITS-HIGHLY-EFFECTIVE-PEOPLE-Creations/dp/B0DZV5Q59W/ref=sr_1_1_sspa?dib=eyJ2IjoiMSJ9.NMnhbrXDGB7TLchF7s76oSYybgRtAK9pJaqhSPXJwS2a4fzzuhKyTJ2Qt2p1XXRCiVTZzHqo0PqsdAVjYpHdffSvykbrigy0aV3FaEUqhhv1FH7X9LiwC6nL65itF-LbZNQgOuRT1OtDc-BkcSohALCJJxtuiGP3Krw_ug2B0E4yUPWVqZKPrQ6IBuZ8_J6jnQZpNgsfKd-1EteRGmQ6PGW1ogEA5pRtyqx1pJjrpfc.wmNIy_O7ue7_5Zzljbir2y1kLmYgDANa5_8beSCpHRU&dib_tag=se&keywords=The+7+Habits+of+Highly+Effective+People&qid=1745720025&sr=8-1-spons&sp_csd=d2lkZ2V0TmFtZT1zcF9hdGY&psc=1,4.4,205,https://www.flipkart.com/7-habits-highly-effective-people/p/itmfc5bhw2sfa92p?pid=9781471131820&lid=LSTBOK9781471131820MTLFJ8&marketplace=FLIPKART&q=The+7+Habits+of+Highly+Effective+People&store=bks&srno=s_1_1&otracker=search&otracker1=search&fm=Search&iid=5dfa0e98-b79e-4e2a-9df2-488e2d6ceedf.9781471131820.SEARCH&ppt=pp&ppn=pp&ssid=xxeivv4i9c0000001745720085717&qH=18551c70fdb9b96d
How to Stop Worrying and Start Living: Time-Tested Methods for Conquering Worry,4.3,200,https://www.amazon.in/How-Stop-Worrying-Start-Living/dp/9354407285/ref=sr_1_6?crid=3B3G32SB98MGO&dib=eyJ2IjoiMSJ9.egb3JWRvwcCANVGOI6s1tpOO-8qjaTu9TOyAydhtk2e4y2ZbzKsFTxCyYmIlx30Gb3NcXJVHBZAa3m84zZT7kT6xXQMP_cu4NFMWtw4DHOn6aSbSrtJ_96MEOiZyA4nEM56gd-qUlgVuLlBTWizuqqdtS8ZOONFLtjZeBdFvUVontox7NWZTCp6AJW40RAzroBl3dGRMk9ZOXtNtfuxvsP8met5pLbra5DiHiQvfsMY.vRdZdpOgJ_75zOKQEfBUhq9R-XMVv3pPpDUx1iFXWfs&dib_tag=se&keywords=How+to+Stop+Worrying+and+Start+Living%3A+Time-Tested+Methods+for+Conquering+Worry&nsdOptOutParam=true&qid=1745720211&sprefix=how+to+stop+worrying+and+start+living+time-tested+methods+for+conquering+worry%2Caps%2C303&sr=8-6,4.2,326,https://www.flipkart.com/stop-worrying-start-living-time-tested-methods-conquering-worry-bengali/p/itm8dfcb33b6441c?pid=9789354407284&lid=LSTBOK9789354407284ESG2UJ&marketplace=FLIPKART&q=How+to+Stop+Worrying+and+Start+Living%3A+Time-Tested+Methods+for+Conquering+Worry&store=bks&srno=s_1_1&otracker=search&otracker1=search&fm=Search&iid=5595a296-0a5c-4382-be5d-e07dccda9370.9789354407284.SEARCH&ppt=pp&ppn=pp&ssid=5mmt3q3c5c0000001745720148466&qH=1ab62e092f257b12
"The 5 AM Club: Own Your Morning, Elevate Your Life",4.5,274,https://www.amazon.in/AM-Club-Your-Morning-Elevate/dp/9387944891/ref=sr_1_1?crid=48CQIUE2VK4F&dib=eyJ2IjoiMSJ9.EAwUUkn-m7EGALerxG_pabZZjzn2lplkNUHeZCRhvjUKAa2tMyZaEWu8B_RAnFnm082e3_GSsjtRW91Sqzh6RWLs3gL7ZDDv4Ls0nN2l2zUy3vcIVQRDN4Tic4oUx13VjmNuUQqPCuvtHEGMmwpUvsyjw0kvz9whSbLbQb16Kv5bmrB53VeQPxM9Y9_-GrSLx9gBTDUwWrFevQ31KCTxssSaQv4lvD5ipVZ3UHYc1Ok.rLpf61F8N_NEPIXUBEUQk_7mBjIXmFPF-Yph7HInqew&dib_tag=se&keywords=The+5+AM+Club%3A+Own+Your+Morning%2C+Elevate+Your+Life&nsdOptOutParam=true&qid=1745720299&sprefix=the+5+am+club+own+your+morning%2C+elevate+your+life%2Caps%2C293&sr=8-1,3.6,451,https://www.flipkart.com/5-am-club-deluxe-edition-own-your-morning-elevate-life/p/itm419c9707ffbe4?pid=9788119792580&lid=LSTBOK9788119792580I9VDLZ&marketplace=FLIPKART&q=The+5+AM+Club%3A+Own+Your+Morning%2C+Elevate+Your+Life&store=search.flipkart.com&srno=s_1_1&otracker=search&otracker1=search&fm=Search&iid=cb8100da-5ead-4433-a1cb-f88b5aa8a92b.9788119792580.SEARCH&ppt=pp&ppn=pp&ssid=0ydt6rmg0w0000001745720373621&qH=b9d62f8e66a76b1a
Who Will Cry When You Die?,4.4,194,https://www.amazon.in/Who-Will-Cry-When-You/dp/8179922324/ref=sr_1_1?crid=SKP34CX950E5&dib=eyJ2IjoiMSJ9.Rx2VnguxY6KLDTXbSCs9AVUSmzV6G23tdp7X1mJifsnF5-iqDzCXPiY_syuoeb8SdV9ig5o-IxmW-IeSatMCkjyxGZmR3VDEngLWs_lK-wqXmYE7Zca1QgYwRxkYAEd2GuldW3KHgPIflqRSyl6R2UgSSDe8UmRRs2nf1RArAipzTWha_2y1z56i582RGOUmBjnPTqCUzX3gPlUezWgczAAZ_gc_sDkAbj2BzJeDpY4.mbc0JGQDEHEOaOBea1IpWhxKYEgHmV6fH4YRhsfSj5M&dib_tag=se&keywords=Who+Will+Cry+When+You+Die%3F&qid=1745720511&sprefix=who+will+cry+when+you+die+%2Caps%2C317&sr=8-1,4.5,167,https://www.flipkart.com/cry-you-die/p/itmfc59vf9z9gzhd?pid=9788179922323&lid=LSTBOK9788179922323BYDKTL&marketplace=FLIPKART&q=Who+Will+Cry+When+You+Die%3F&store=bks&srno=s_1_1&otracker=search&otracker1=search&fm=Search&iid=d6c29915-d1e4-4b62-82a9-f30915a9e0bf.9788179922323.SEARCH&ppt=pp&ppn=pp&ssid=d3bqmreva80000001745720438729&qH=a6f1e9fcd07429fd
"Ready, Study, Go!: Smart Ways to Learn",4.5,196,https://www.amazon.in/Ready-Study-Go-Smart-Learn-ebook/dp/B01MFBFUS8/ref=sr_1_2?crid=Y9YAVP8CL3HJ&dib=eyJ2IjoiMSJ9.-GUfqUKnBwDCK2t1v1Fgg3-Zyd9KWzhSsNdw2cawYX_GjHj071QN20LucGBJIEps.J6vsWZss9epSjX53s7C_63hJiUjecRJX3DuPKTSchOI&dib_tag=se&keywords=Ready%2C+Study%2C+Go%21%3A+Smart+Ways+to+Learn&qid=1745720577&sprefix=ready%2C+study%2C+go+smart+ways+to+learn%2Caps%2C354&sr=8-2,4.4,220,https://www.flipkart.com/ready-study-go/p/itm45612d8e1deef?pid=9789352641345&lid=LSTBOK9789352641345YOKTIS&marketplace=FLIPKART&q=ready+study+go+smart+ways+learn+book&store=bks&srno=s_1_1&otracker=search&otracker1=search&fm=Search&iid=8d5d9159-25d6-44f8-986a-991ebd91111a.9789352641345.SEARCH&ppt=sp&ppn=sp&ssid=1jb87ptq400000001745720679544&qH=8b0c2dd0cffc23c4
"Men are from Mars, Women are from Venus",4.5,319,https://www.amazon.in/Men-are-Mars-Women-Venus/dp/8172235038/ref=sr_1_1_sspa?crid=1K5YUCFRDH2SK&dib=eyJ2IjoiMSJ9.Fng57JXQNy7BdJnELhgyTbS8WMnvf3QVnR1fQf3QdkeKl0tsNKKDCz7hz81KoL9vJtvB9o8pRvN24gwVpa9LXGYK7cViDgeTNIOrhIVjxwC75A6o2HRDNzfz92RZA50AA3yGwuDyapV4Xgeraai4uyhAQBZrKvh10qg9tH0W5rfegJZRMoI16flXFbc5g5l63Div0NLguecUItv0kcbAwOMyPbPk7EEAWBg5k_v_1M4.Zdc4nnAS1hHRNXOy59oOvUSI_82pfS1IWdffONk8q50&dib_tag=se&keywords=Men+are+from+Mars%2C+Women+are+from+Venus&nsdOptOutParam=true&qid=1745720762&sprefix=men+are+from+mars%2C+women+are+from+venus%2Caps%2C308&sr=8-1-spons&sp_csd=d2lkZ2V0TmFtZT1zcF9hdGY&psc=1,4.5,230,https://www.flipkart.com/men-mars-women-venus/p/itmdx5zhwwn2ryqc?pid=9788172235031&lid=LSTBOK9788172235031BRDHRL&marketplace=FLIPKART&q=Men+are+from+Mars%2C+Women+are+from+Venus&store=bks&srno=s_1_1&otracker=search&otracker1=search&fm=Search&iid=e0f95aba-0efb-4e81-a0bb-99f072c6b329.9788172235031.SEARCH&ppt=pp&ppn=pp&ssid=zpul23xau80000001745720746730&qH=9aae735393c5d575
The Secret,4.5,349,https://www.amazon.in/Secret-Manifest-your-Life/dp/B0DTV1SNS2/ref=sr_1_1_sspa?crid=1QPJP2ESEPXVB&dib=eyJ2IjoiMSJ9.58huJJm-y50pRuiL1_6waJRMwMv3x9S6CRWM7qE_31iLHpDCCBb2i-LpPPDQTFMwVtkE8NSp0j34UiJIdkjSGzFrpmzOh61fT2uDNuL37o8jIIVrOmiglLlRo9BpgTwAu4sR-2ASlooyxG3FTXLcgV1wihTscKZWtojJMwkEICEMamNp9qvZSrK5R_Fy1fCzGPryDnAnbtcdXhsRX7jitsOZSYlwmuY4LwsZ8op00Tk.hlotpHo_-FRqJodYBpcNmlbqbwSw2nXDWsZIeJ5BpCc&dib_tag=se&keywords=The+Secret&qid=1745720882&sprefix=the+secret%2Caps%2C370&sr=8-1-spons&sp_csd=d2lkZ2V0TmFtZT1zcF9hdGY&psc=1,4.3,339,https://www.flipkart.com/the-secret-tamil/p/itm325a51eacb04f?pid=9788183222051&lid=LSTBOK9788183222051WANLHB&marketplace=FLIPKART&q=The+Secret&store=search.flipkart.com&srno=s_1_2&otracker=search&otracker1=search&fm=Search&iid=en_n9dQ7Cgd8oyI21UbKo2hGP5q6eo7EF3W_gUzkIz9Jny0ANZoGm4WGR4u15m3e4odpoOMZaPCkafrQT4ZHHnZMQ%3D%3D&ppt=pp&ppn=pp&ssid=98xzkfxm3k0000001745720868362&qH=4f92d58f7be81e25
Life is What You Make It,4.2,136,https://www.amazon.in/Life-What-Make-Preeti-Shenoy/dp/9380349300/ref=sr_1_1?crid=1NFITK07I4Z38&dib=eyJ2IjoiMSJ9.dBQPtYcNMn-8E4LQcCtZCZUqZQpCKxxkk4jt2DOwdA_x6dNCXmxThXHsDsu6uHIn7UWSseycZYRUL5iomymaoh2HA06n7v7goLP5nu27vt5BAJP3iTHc6Ytlu-2OQQeGqRpShRgmSRX_K5d86IXHMyLiW5JUeMBtly6_J1O_Rl4MZRlNfQ5HtYgGdwCR9tPcYwUMMtfK0RpjFgTXwrg4L916HyRNey-kNTiLMfkjiP0.nEI6Oy9dli--EHezANIMW3bmzGBoizfvbs0KENUMlvk&dib_tag=se&keywords=Life+is+What+You+Make+It&nsdOptOutParam=true&qid=1745721661&sprefix=life+is+what+you+make+it%2Caps%2C332&sr=8-1,4.3,193,https://www.flipkart.com/life-you-make/p/itm20ec785425394?pid=9789380349305&lid=LSTBOK9789380349305SVFWTD&marketplace=FLIPKART&q=Life+is+What+You+Make+It&store=search.flipkart.com&srno=s_1_1&otracker=search&otracker1=search&fm=organic&iid=4c25945e-87bc-4bff-a615-a513ae43eeca.9789380349305.SEARCH&ppt=pp&ppn=pp&ssid=brxf53pf800000001745721610923&qH=4dc5048fbbe9eda2
Chanakya in Daily Life,4.4,289,https://www.amazon.in/Chanakya-Daily-Life-Radhakrishnan-Pillai/dp/8129144441/ref=sr_1_1?crid=3L3DOWNE6ELXL&dib=eyJ2IjoiMSJ9.WCQF4T4TsyPyec_0jMWR959mtnm2Y7MrNSTJ0FguDN3QHkhCGzODAjjWEfw05i8t7it80Wm4kYjkQH-UIdwDlEL1q5eo9SS_HtzDUTw4BJEjAvXD9AcuKlLL3jqM4BukuArWH7qgy379nkgyJKxe_FbPyhptKP4dYPYb61y1KiVAexZs2wdJOfrNmjbWoFWcs0HLtu-QVPA8BhzR6bHMxgT8_katXvvYAgR_iw16x_g.gx3yv70RsLi-JqdN1L_CxUW4YiGN4iso-E98q0pONiU&dib_tag=se&keywords=chanakya+in+daily+life+book&qid=1745721845&sprefix=chanakya+in+daily+life%2Caps%2C306&sr=8-1,4.5,400,https://www.flipkart.com/chanakya-daily-life-hindi-combo-set-4-books-chanakya-neeti-aur-jeene-ki-kala-ke-management-sootra-apane-swayam-banen/p/itmf45b0b6985c94?pid=RBKGYSUPN4ZHUDYY&lid=LSTRBKGYSUPN4ZHUDYYQUYDSY&marketplace=FLIPKART&q=Chanakya+in+Daily+Life&store=bks&srno=s_1_4&otracker=search&otracker1=search&fm=organic&iid=ce6d2946-769d-4407-aacb-f723f42808a4.RBKGYSUPN4ZHUDYY.SEARCH&ppt=pp&ppn=pp&ssid=kn36fggcs00000001745721744714&qH=1b5e0273c9df57b0
You Can Win: A step by step tool for top achievers,4.6,252,https://www.amazon.in/You-Can-Win-step-achievers-ebook/dp/B00HQE51N4/ref=sr_1_2?crid=2RWUQ1WNOF2B7&dib=eyJ2IjoiMSJ9.M3qIWgSJsR8mnfOSRGYcTI1KKy-4zDIRbqo1THKgXtAQH1w2GgrPkTeDVK2sz53Lbeai2A-q-aP8OLmAJL9x-S04DWcLJ8s_HG6Gs9xNJBJHK2VGVbVKN4yn-Bu5Y9CUtyxtxvB1lgEgNzj2B-jXYeJSlE3l175jAi31SF-NnnsiTh-u8JBFaKMurB8q3mB4TxccS0MakLrt0DskH5NtKUE3GJRJ1DzmWqrCGb1J8kE.kTNYMTGBk3bcQ8--Lh26XKuiPlaShJuGiVAzoG4XlWQ&dib_tag=se&keywords=You+Can+Win%3A+A+step+by+step+tool+for+top+achievers&nsdOptOutParam=true&qid=1745721924&sprefix=you+can+win+a+step+by+step+tool+for+top+achievers%2Caps%2C403&sr=8-2,3.7,205,https://www.flipkart.com/you-can-win-paperback-1-january-2014-shiv-khera-author/p/itme842b874300e6?pid=9786465575864&lid=LSTBOK9786465575864CABIQO&marketplace=FLIPKART&q=You+Can+Win+book&store=bks&srno=s_1_20&otracker=search&otracker1=search&fm=Search&iid=88687b7e-af78-4738-b158-f1cf4271c077.9786465575864.SEARCH&ppt=sp&ppn=sp&ssid=6qa723tzsg0000001745722095506&qH=fe72573dbb062b24
Emotion and Relationships,4.6,192,https://www.amazon.in/EMOTION-RELATIONSHIPS-2-BOOKS-1/dp/9386867508/ref=sr_1_1?crid=2IGUAH5S26JQ9&dib=eyJ2IjoiMSJ9.uPInhE9fskClVfWij8TgpAjAnVAgjPV1vbXH8Z6-Dxi3Et931MKHmRTNWk73UCF2lp4jjZ6cfZZUAUmQzSI8Pv6Yn8MeDhmWljckwvmap-Ne9UtLGocO_NzxIyxfxXwY3TkwfeYnWwTpxrVdkgAErkcAaCz2ocotLt0iq_jWa_FFr6kYCVv4sNpH4nRDVy0JI0cK5iSaFQELPt6ANSiFvIQ1WuAsl0_alGhq4Qw9K7A.iSYKeNFapsvzX_KZlvhU4yBWHYE1F_5Ug0dfjZyB2oU&dib_tag=se&keywords=Emotion+and+Relationships&qid=1745722217&sprefix=emotion+and+relationships%2Caps%2C319&sr=8-1,4.6,221,https://www.flipkart.com/emotion-relationships/p/itmfyr6seqnk3ha9?pid=9789386867506&lid=LSTBOK97893868675060KFXPQ&marketplace=FLIPKART&q=Emotion+and+Relationships&store=search.flipkart.com&srno=s_1_1&otracker=search&otracker1=search&fm=Search&iid=07e22af1-a217-45a5-aa66-707c375de7e4.9789386867506.SEARCH&ppt=pp&ppn=pp&ssid=cc6e9quff40000001745722163138&qH=4cd36fe7cb89b861
How to Memorize Anything: The Ultimate Handbook to Enlighten and Improve Your...,4.4,244,https://www.amazon.in/How-Memorize-Anything-Ultimate-Enlighten/dp/8184005210,4.4,260,https://www.flipkart.com/memorize-anything-ultimate-handbook-explore-improve-your-memory/p/itmfbz6zmnksgghr?pid=9788184005219&lid=LSTBOK9788184005219FPAHWK&marketplace=FLIPKART&q=How+to+Memorize+Anything%3A+The+Ultimate+Handbook+to+Enlighten+and+Improve+Your...&store=bks&srno=s_1_1&otracker=search&otracker1=search&fm=Search&iid=a3d2da34-60f6-4a79-8a21-8533f4015d99.9788184005219.SEARCH&ppt=sp&ppn=sp&ssid=o86z8ma74g0000001745722399818&qH=3e5dbaa072a2ed4c
The One Minute Manager,4.5,258,https://www.amazon.in/Self-Leadership-One-Minute-Manager/dp/B0799XB2JK/ref=sr_1_1?crid=2A1AIC86VAQ1V&dib=eyJ2IjoiMSJ9.KLKN651hIuFRInTNJ2uw1IbiqJdTi0FxNo9CPphAwz3WKvgjvYdzSBg6Tcp8Rd6L2YDxp6GKr9h8P7z0lidNTflwNVXqM2IFSMkJQe9C3QqYv2vEqZ_RwpLH3xhb9dZvQpyAKrE-xzPspo32aCj2xGRPAqsJIB_Di-CRgpbgX0eWchXhyhozG8NdoQVf5bMwMZ0JOBFpVCkeS-eSWQNWTpyukRjBYuEKx23A_-0QuD4.0GuzKLxG0VboV4ya_IhJIK_cDU4fxPbwyj0_noMaebM&dib_tag=se&keywords=The+One+Minute+Manager&qid=1745722490&s=digital-text&sprefix=the+one+minute+manager%2Cdigital-text%2C309&sr=1-1,4.5,157,https://www.flipkart.com/new-one-minute-manager/p/itm0307a057bf2a3?pid=9788172234997&lid=LSTBOK9788172234997NUNUA4&marketplace=FLIPKART&q=The+One+Minute+Manager&store=bks&srno=s_1_1&otracker=search&otracker1=search&fm=Search&iid=3d36f2b9-8a72-44cf-b72d-2686bd752b70.9788172234997.SEARCH&ppt=pp&ppn=pp&ssid=yxgsrrdoj40000001745722444986&qH=108866537accf4db
You Can Heal Your Life,4.6,308,https://www.amazon.in/Heal-Your-Life-40th-Anniversary/dp/B0DDVFX516/ref=sr_1_1?crid=3F0KE04JWXGMC&dib=eyJ2IjoiMSJ9.KkEH0NHtIWQxtovcoFYQ9VDDHp4mrVBikggG_jRrxT6eEyD0_4TqlbhIDUwdolHAp1Ca2OhTR5lcMMNnC9A0kQC5mI9bawDnXWwyt5sWEpV-xpOF2ZHGP0T5t9Iv8MU9i1rF70oW8kq1F3RmkyhHoGugBUCpt_2UJ7fBZHVM6BYq8xxGbgKH3Y1tADW6rBDnhT6rPAVA1BHunUknwDBsMU0uJ1CVIRiQJTz_u31QvNI.a4GkZMM2zFB0KUQybXtAH0Bh4ZlDOe5R_4MAWI6Wa90&dib_tag=se&keywords=You+Can+Heal+Your+Life&qid=1745722574&s=audible&sprefix=you+can+heal+your+life%2Caudible%2C312&sr=1-1,4.2,288,https://www.flipkart.com/you-can-heal-your-life/p/itmfbj8mzhrv5byf?pid=9780937611012&lid=LSTBOK9780937611012E10AIY&marketplace=FLIPKART&q=You+Can+Heal+Your+Life&store=bks&srno=s_1_8&otracker=search&otracker1=search&fm=Search&iid=f8abf3f5-b93a-467f-a3d0-9adeef805b41.9780937611012.SEARCH&ppt=pp&ppn=pp&ssid=i57lf2rlg00000001745722644890&qH=3220d6146082a796
Kiss That Frog : 12 Great Ways To Turn Negatives Into Positives In Your Life...,2.7,44,https://www.amazon.in/Kiss-That-Frog-Negatives-Positives-ebook/dp/B0D98MLF1K/ref=sr_1_1?crid=39WIM3TIWET72&dib=eyJ2IjoiMSJ9.hUmtSic-kXaTzvqFcvscW7Ngk77B3xn07NKJ2ulCOcs.cyuhnedXapdxCMd7BRt5r_xKJa5uCwjVx0RQDEo6_TA&dib_tag=se&keywords=Kiss+That+Frog+%3A+12+Great+Ways+To+Turn+Negatives+Into+Positives+In+Your+Life...&nsdOptOutParam=true&qid=1745722802&s=digital-text&sprefix=kiss+that+frog+12+great+ways+to+turn+negatives+into+positives+in+your+life...%2Cdigital-text%2C296&sr=1-1,4.2,199,https://www.flipkart.com/kiss-frog-12-great-ways-turn-negatives-into-positives-your-life-work-malayalam/p/itm7287c8f7dcb8a?pid=9789355439642&lid=LSTBOK9789355439642HOJDQN&marketplace=FLIPKART&q=Kiss+That+Frog+%3A+12+Great+Ways+To+Turn+Negatives+Into+Positives+In+Your+Life...&store=search.flipkart.com&srno=s_1_1&otracker=search&otracker1=search&fm=Search&iid=e288291b-6572-4c39-9c3f-77a5824762ad.9789355439642.SEARCH&ppt=pp&ppn=pp&ssid=it1mu77x9c0000001745722693520&qH=8de8afdf607c2f3b
What Got You Here Won't Get You There: How Successful People Become Even More...,4.4,349,https://www.amazon.in/What-Got-Here-Wont-There-ebook/dp/B0041G68WS/ref=sr_1_1?crid=30QNEBRBS5LZR&dib=eyJ2IjoiMSJ9.QT1FKX_Exz0ebfk_9TQskvfduuu95YEEIhksc678FN4.oQvUGutjzrYg9VpO5esbhTaqwUEYrjpLp3aWNRB93cs&dib_tag=se&keywords=What+Got+You+Here+Won%27t+Get+You+There%3A+How+Successful+People+Become+Even+More...&nsdOptOutParam=true&qid=1745723073&s=digital-text&sprefix=what+got+you+here+won%27t+get+you+there+how+successful+people+become+even+more...%2Cdigital-text%2C313&sr=1-1,4.4,306,https://www.flipkart.com/got-you-here-won-t-get-there-successful-people-become-even-more-successful-discover-20-workplace-habits-need-break-audio/p/itm87cd36c3494d5?pid=RBKGWHFWNYHFHKHZ&lid=LSTRBKGWHFWNYHFHKHZXRA55Q&marketplace=FLIPKART&q=What+Got+You+Here+Wont+Get+You+There%3A+How+Successful+People+Become+Even+More...&store=bks&srno=s_1_1&otracker=search&otracker1=search&fm=Search&iid=893b40a0-5263-4cfd-8039-efae65f57ef2.RBKGWHFWNYHFHKHZ.SEARCH&ppt=pp&ppn=pp&ssid=d6z4z1ng400000001745723140730&qH=9482ae6ede0954ea
The Leader Who Had No Title,4.5,194,https://www.amazon.in/Leader-Title-Hindi-million-copies/dp/8184952120/ref=sr_1_2_sspa?crid=PHXDV27BEDIY&dib=eyJ2IjoiMSJ9.1PQW9gWqw6hcXXC2jZphE_m79dj8vPiShl-kchnEdpIQCvXyrwx6tpv-Xo7cqC0mKqPkR0UTBmf90dq7nxpofqNxvoVg1AeBwlUvccu8aVptqKjq9XX5EiYyZ7reUgOyxdT5A8OqIXjLFpilhb83mZ_VFMatYvqgRtZzE7p2AXkyD4Fby2PQ6IJVr_gxc4eSKpZqn46YqClDHmS9I4Ieecdwajk-4baZCy0sGsSboW8.XjUDwiD6W8puLFYmmrdSCFmVx3OUqHUWu5EU_nKLDt0&dib_tag=se&keywords=The+Leader+Who+Had+No+Title&qid=1745723350&sprefix=the+leader+who+had+no+title%2Caps%2C659&sr=8-2-spons&sp_csd=d2lkZ2V0TmFtZT1zcF9hdGY&psc=1,4.5,242,https://www.flipkart.com/leader-had-no-title/p/itmfc5e4ngk65gyg?pid=9788184951196&lid=LSTBOK9788184951196VO1XIB&marketplace=FLIPKART&q=The+Leader+Who+Had+No+Title&store=search.flipkart.com&srno=s_1_1&otracker=search&otracker1=search&fm=Search&iid=2a6b73a0-f050-49f0-8067-b730141ac663.9788184951196.SEARCH&ppt=pp&ppn=pp&ssid=wvcg9tbr4w0000001745723293081&qH=0f8c1a8ef835e0f4
The Art of Public Speaking,4.4,130,https://www.amazon.in/Public-Speaking-Dale-Carnegie-Esenwein/dp/9353040817/ref=sr_1_1_sspa?crid=2TGC93Z5E9BLK&dib=eyJ2IjoiMSJ9.Mnf6cdLNk4WDFEPxLd6CJfkzySgscxyyBqV85NrzbGUDDvvE7p0Rw43I87qEs_tcgl7syUZb7-Rk-_NjG25kHEXfi_24cQ0g4mSVEK_2nxVas2tf-ClYElc-V0Fwwl8FWKoMInMpTLN78rxmF6Z70JgAGikVS31SShv04n1Y_IXUORQVKlY5BkkR_uj5sBrP9Poz9Jr_KWRkRLmFqGKEUa1EJI95GjSHdO7XDPPuRh4.HiieQpOsjaksNPviovNVb-o3OMASukjNDckynuNDdTA&dib_tag=se&keywords=The+Art+of+Public+Speaking&qid=1745723474&sprefix=the+art+of+public+speaking%2Caps%2C315&sr=8-1-spons&sp_csd=d2lkZ2V0TmFtZT1zcF9hdGY&psc=1,4.3,217,https://www.flipkart.com/art-public-speaking-1/p/itmc0eb3dd908b89?pid=9788184301915&lid=LSTBOK9788184301915FTNFJG&marketplace=FLIPKART&q=The+Art+of+Public+Speaking&store=bks&srno=s_1_1&otracker=search&otracker1=search&fm=Search&iid=en_thDLhz048dqrNCIGy18IEay28dpuf5QLHXhB07uDNcR8l49mWKuijGxGU0XsjI2nh9EQQCbWx2d_NwvC4lWktg%3D%3D&ppt=sp&ppn=sp&ssid=5zm06oqxog0000001745723543559&qH=923b3f912b0482fd
The Magic,4.6,324,https://www.amazon.in/MAGIC-BYRNE-RHONDA/dp/1849838399/ref=sr_1_3?crid=2XMC0Z4MWHKZ7&dib=eyJ2IjoiMSJ9.7qvOkHfmwxuI906OE7Lya7kLrj5heX1EStCttUSTbn_pIXllupULO48p594C6HK4bx_r3ywcRwnu99Z6nRw1wU0iZKUlpIPA1skL4jh5hwbfAxVrwWApu4Lhwdo6-xJy2SbpekyGDhnbpn9MS17FGU9Az6chlR5NbS-Bmz_tAnUI5kIhkNs44VntFMyuJWSqojXjqvHr8jXJesUjXPiz9V9AkORC0S7aoKhavQoSANU.goUmCy-dHn4DJZAdMXjL9DMwIddl5qWk1Tw1d33QzjI&dib_tag=se&keywords=the+Magic&nsdOptOutParam=true&qid=1745723703&sprefix=the+magic%2Caps%2C318&sr=8-3,4.5,129,https://www.flipkart.com/the-magic/p/itmfbhfah5yqpn6d?pid=9781849838399&lid=LSTBOK97818498383997PCCJW&marketplace=FLIPKART&q=The+Magic&store=bks&srno=s_1_1&otracker=search&otracker1=search&fm=Search&iid=en_55TRLRwwW62ZmzAFTcloM2npq-bT19tM83zStp9j_iLhdPn9eHg53Wbb_obtcnUtR06tmZ83T3J9yWUmm7XydQ%3D%3D&ppt=pp&ppn=pp&ssid=93rzz7cuwg0000001745723593661&qH=a07ac09a34387d3f
The Heartfulness Way: Heart-Based Meditations for Spiritual Transformation,4.6,438,https://www.amazon.in/Heartfulness-Way-Heart-Based-Meditations-Transformation/dp/B07QM1L71P/ref=sr_1_3?crid=DVH8MBVZSWSP&dib=eyJ2IjoiMSJ9.tcjmEX8twQRG0zQucbI7oKPBljYBs6m1TVdJu7yN_yPllFibSaFO6KP9VtTDOfkhdrlZ0xX3jqWZLQcKMSW4_UEatE1j5UWkaRIkjYgOFs7KrvMvi9pa7HdTj8BUIwcgGjK20gChnHB0PS-VMcEK3SDOLUkQv12D-XSI3JEtqMHztS2PshepmM_d946MFM29WnDrxi4WNxY3x8Q9xjpkWnLRspJy1X6E7qf2-xSmLPA.UWB1GyqiP80VbyssKdbHvZOl952RjsWFkmztX-j4ilA&dib_tag=se&keywords=The+Heartfulness+Way%3A+Heart-Based+Meditations+for+Spiritual+Transformation&nsdOptOutParam=true&qid=1745723748&sprefix=the+heartfulness+way+heart-based+meditations+for+spiritual+transformation%2Caps%2C350&sr=8-3,4.7,248,https://www.flipkart.com/heartfulness-way-heart-based-meditations-spiritual-transformation-hindi/p/itm5ccfb6b58f430?pid=9789355432575&lid=LSTBOK9789355432575AXJ7S6&marketplace=FLIPKART&q=The+Heartfulness+Way%3A+Heart-Based+Meditations+for+Spiritual+Transformation&store=bks&srno=s_1_2&otracker=search&otracker1=search&fm=Search&iid=c872c716-2b21-412a-839a-e2ccfdf0a4c8.9789355432575.SEARCH&ppt=sp&ppn=sp&ssid=wewdgmt1pc0000001745723808954&qH=e680e3008406851d
The Magic of thinking Big,4.2,215,https://www.amazon.in/Magic-Getting-What-You-Want/dp/B0D2YS9PGX/ref=sr_1_4?crid=1UBTAEU765VGQ&dib=eyJ2IjoiMSJ9.NnMR8mIrCsd_8mHhnY99zHcR1hbg2Rpg7ObVyDaTiRvVxD7ex7n73hi3GATFyYKz0xsY1-uRyiDGWeyZcFWLvPJmToPzJE3qmihJamNCt05p1nUvqUt4nB1KfjTvANlJ9uAyXO88kPbWtaW3YjiPLipAgUEO3oo3GF-NpP5YeREdZgQ-TXrp7nJ1nRpdc9QzU6QlS38_UyusMaszqKR01w.cczWzXwUOfsj-TibbMQI5AN4aTGnI_eTn5YsUIsB8oE&dib_tag=se&keywords=The+Magic+of+thinking+Big&qid=1745723916&s=audible&sprefix=the+magic+of+thinking+big%2Caudible%2C474&sr=1-4,4.4,217,https://www.flipkart.com/magic-thinking-big/p/itmffyzzbmdhny6h?pid=9789026699115&lid=LSTBOK97890266991159GPCOK&marketplace=FLIPKART&q=The+Magic+of+thinking+Big&store=bks&srno=s_1_2&otracker=search&otracker1=search&fm=Search&iid=9bad903e-0b2e-4782-9228-30e43bc6e147.9789026699115.SEARCH&ppt=pp&ppn=pp&ssid=yuuivseuts0000001745723873002&qH=ff476ffbce07acfd
13 Steps to Bloody Good Marks,3.5,199,https://www.amazon.in/13-Steps-Bloody-Good-Mark/dp/9395767804/ref=sr_1_1?crid=1RY28BNQAX9BU&dib=eyJ2IjoiMSJ9.yaZbq7_LSHUxlLM34SyWDFwFxFDA1v3svE3OjT51SGU7yGLfFOHCfoQIkQgFq8UdCIbfG0waNHJL7f_F7UPsQeAP6F8yfJGh-XGjBQPyg7g.lqORNaC0ycN8L3b_ppyp67qfngDET_0U3rdtuso535o&dib_tag=se&keywords=13+Steps+to+Bloody+Good+Marks&qid=1745724011&s=audible&sprefix=13+steps+to+bloody+good+marks%2Caudible%2C351&sr=1-1,4.6,104,https://www.flipkart.com/13-steps-bloody-good-mark/p/itm46cc32d4911dd?pid=9789395767804&lid=LSTBOK9789395767804PMDXLF&marketplace=FLIPKART&q=13+Steps+to+Bloody+Good+Marks&store=search.flipkart.com&srno=s_1_1&otracker=search&otracker1=search&fm=Search&iid=b3ae680e-bdfc-4c62-9651-ec2ac80c0e04.9789395767804.SEARCH&ppt=pp&ppn=pp&ssid=xr0pdd4hgw0000001745724108344&qH=f1d4d1e27c4c32a7
Questions Are the Answers,4.3,150,https://www.amazon.in/Questions-Are-Answers-Allan-Pease/dp/8186775056/ref=sr_1_1_sspa?crid=2JY1DIVBQV36K&dib=eyJ2IjoiMSJ9.Dhx82tWkbi2AvEYwrqkgAF7ujwHKuZ0xXFBY-7OqR8g0K3nlpGTYR3fv1ChVAcGsibqjov9qRkTZydPcNqdCIFG4BaaqqiDcSsemvlZQlQrPXd7Qv94ZfyPIJ1gvdI91DyFtXQ82-TM3ZN3j363RDe6vGmOTsez6SGHQdLZHVssB8mtWOHxtZkIwCNfsi1nr1SG0-vOHVsEEEnAU3UU5w-rC3wT98UGT3UEMvmfVZ4M.cmvQ2uTFMtc1_sr9jl1vKH70t1TEeeyhoL3z0d-GqC8&dib_tag=se&keywords=Questions+Are+the+Answers&qid=1745726545&sprefix=questions+are+the+answers%2Caps%2C321&sr=8-1-spons&sp_csd=d2lkZ2V0TmFtZT1zcF9hdGY&psc=1,4.3,283,https://www.flipkart.com/questions-are-the-answers/p/itmezunpgnwnrdgt?pid=9788311341920&lid=LSTBOK9788311341920YDIYNC&marketplace=FLIPKART&q=Questions+Are+the+Answers&store=bks&srno=s_1_3&otracker=search&otracker1=search&fm=Search&iid=15f384b9-75d6-4811-a340-25e4c4aae605.9788311341920.SEARCH&ppt=sp&ppn=sp&ssid=80dudnd11s0000001745726469801&qH=dab79b46328c2f0e
The Greatest Salesman in the World,4.4,197,https://www.amazon.in/Greatest-Salesman-World-Og-Mandino/dp/8179926877/ref=sr_1_2?crid=H0DY4L42WR95&dib=eyJ2IjoiMSJ9.9iR5v_MYbOo-Rsu63TEl0WjZwtkte6l5k_NVORln2gsnoP1omfMePPVpxdUZ6OxVRN9c1cIKcu6dwXTmWUFlyn8svUMMJWsNah2Ym64joCFGoGXRCd7tysF_OuWPZIKIo_adEGtkuLicGfsIqDM8wHaWukSike05iJv3hg2kqa5TGEJTixaOMIJb5h6RFF0ez4315hn0_D4sfTgYrgVxJUsfouY5zzxSvZswrUqTCMk.ihKTK2C5fLKsUSftBBXeq9Fc12rqmtS3DagTabxVtZQ&dib_tag=se&keywords=The+Greatest+Salesman+in+the+World&qid=1745726668&sprefix=the+greatest+salesman+in+the+world%2Caps%2C400&sr=8-2,4.4,197,https://www.flipkart.com/greatest-salesman-world/p/itmfc8rkzq8gds3j?pid=9788179926871&lid=LSTBOK9788179926871N49BXK&marketplace=FLIPKART&q=the+greatest+salesman+in+the+world&store=bks&srno=s_1_1&otracker=AS_QueryStore_OrganicAutoSuggest_1_34_na_na_ps&otracker1=AS_QueryStore_OrganicAutoSuggest_1_34_na_na_ps&fm=Search&iid=0da14f08-2b5b-45e6-8324-32839e5d13b6.9788179926871.SEARCH&ppt=pp&ppn=pp&ssid=x3q6x1rmzk0000001745726621195&qH=a59f2e7f1464e108
Principles: Life and Work,4.6,991,https://www.amazon.in/Principles-Life-Work-Ray-Dalio/dp/1501124021/ref=sr_1_1?crid=240Z2A7GEVSHD&dib=eyJ2IjoiMSJ9.YnZ1Em-vWYKllNJWzQpCtmwyXTWbLXWdcMrp9TkUXPNper1EP92a4X8D3Jn4EAuW2AQnTxVWdgmx9CJFPkXg-l0z4Vx6-29nRKTnV8lb6ea9-NGAe2LZFVUw8bEhBq7e394_aSdvRxbG__0iJ7YUtqH1PF1UDbnozU_Bo50tv8ohcoVxaUGsGHBsd7tyXwPJI_MgYU9O3RinEjgLX5ULm1N2SvypW3XPBPC5Jb-waQc.qWAJOT9SPvonx1p01XUIoASLXWINF1ed3hZmlma5TXQ&dib_tag=se&keywords=Principles%3A+Life+and+Work&qid=1745726738&sprefix=principles+life+and+work%2Caps%2C307&sr=8-1,4.4,705,https://www.flipkart.com/principles-life-work-hindi/p/itm1bcf2a06c8927?pid=9789355433527&lid=LSTBOK9789355433527JSJMOM&marketplace=FLIPKART&q=Principles%3A+Life+and+Work&store=bks&srno=s_1_1&otracker=search&otracker1=search&fm=Search&iid=4ff0169e-1abb-4502-9645-d7c96084f074.9789355433527.SEARCH&ppt=sp&ppn=sp&ssid=rs72942h4w0000001745726805424&qH=b94a7474742119db
"Know Your Worth: Stop Thinking, Start Doing (General Press)",4.3,256,https://www.amazon.in/Know-Your-Worth-Thinking-Start/dp/8180320235/ref=sr_1_1?crid=S1KAK9MBRMC7&dib=eyJ2IjoiMSJ9.W_pq-9bG6RwbIQSIjXTXmQ.ukfQIxY0P3j-h96I37lM5-kvSA0P3Btw6Y1jgzVxvhE&dib_tag=se&keywords=Know+Your+Worth%3A+Stop+Thinking%2C+Start+Doing+%28General+Press%29&nsdOptOutParam=true&qid=1745726953&sprefix=know+your+worth+stop+thinking%2C+start+doing+general+press+%2Caps%2C333&sr=8-1,4.4,260,https://www.flipkart.com/know-your-worth-stop-thinking-start-doing/p/itm2205af1d88991?pid=9788180320231&lid=LSTBOK9788180320231J5FQIJ&marketplace=FLIPKART&q=Know+Your+Worth%3A+Stop+Thinking%2C+Start+Doing+%28General+Press%29&store=bks&srno=s_1_1&otracker=search&otracker1=search&fm=Search&iid=4f4b167f-0f75-4f5a-ba13-6ae7884faeaf.9788180320231.SEARCH&ppt=pp&ppn=pp&ssid=bx3xusobkg0000001745726888244&qH=678e258732bfef72
Little Black Book for Stunning Success + Tools for Action Mastery,4.4,263,https://www.amazon.in/Little-Stunning-Success-Action-Mastery/dp/8184959893/ref=sr_1_1?crid=1C46EOKRE2HU1&dib=eyJ2IjoiMSJ9.cAnEO1aYWtigftZGjz88Yw.1wgQAyhzYMMef53ZzsauvgnyWhZvkAaMnbpm7VHsWiM&dib_tag=se&keywords=Little+Black+Book+for+Stunning+Success+%2B+Tools+for+Action+Master&nsdOptOutParam=true&qid=1745727009&sprefix=little+black+book+for+stunning+success+%2B+tools+for+action+master%2Caps%2C322&sr=8-1,4.5,276,https://www.flipkart.com/little-black-book-stunning-success-tools-action-mastery/p/itmeq4z28g4qx7mc?pid=9788184959895&lid=LSTBOK97881849598954LUY5V&marketplace=FLIPKART&q=Little+Black+Book+for+Stunning+Success+%2B+Tools+for+Action+Mastery&store=bks&srno=s_1_1&otracker=search&otracker1=search&fm=Search&iid=834afc6c-9c76-48f9-9a4b-2bfcf6a202a1.9788184959895.SEARCH&ppt=pp&ppn=pp&ssid=ovksvhb6io0000001745727061723&qH=0e3e0d06921b7c45
You are My Reason to Smile,4,168,https://www.amazon.in/s?k=You+are+My+Reason+to+Smile&crid=5TLFOJE4QZJG&sprefix=you+are+my+reason+to+smile%2Caps%2C337&ref=nb_sb_noss_1,4.4,197,https://www.flipkart.com/you-my-reason-smile/p/itmeq4uzzpqhpzns?pid=9789382665885&lid=LSTBOK9789382665885MA8LQI&marketplace=FLIPKART&q=You+are+My+Reason+to+Smile&store=search.flipkart.com&srno=s_1_1&otracker=search&otracker1=search&fm=Search&iid=cb1d940b-c63a-493d-ad18-eddd803bf481.9789382665885.SEARCH&ppt=pp&ppn=pp&ssid=v3lycyls740000001745727218901&qH=b9d2b1098511dc4c
Time Management (Hindi),4.4,117,https://www.amazon.in/Time-Management-Hindi-Sudhir-Dixit/dp/8183220185/ref=sr_1_1?crid=6YB6IYI1JVCF&dib=eyJ2IjoiMSJ9.UkL2L3gYD9wjIBOUAkqfviqdRe1XbvGVHIHXBqWLSSQKWoeXwYei8dmypX0pN9xDO1MSUJX-5cEL6jIKB3N0NBxkIDjBYW_0x_GzIuaXkIK_MLl2mnVUU5YDf5uKqOAAVMLu9CzgSN-6pc1bBGPN1F3TfrVOQfdqytEPnhvCLMbcbhSktR0OKFBK8frAGZqJkoD7EvzVqwppQz3mcUt6xNIoGPNKzCBOJMpN7uC0FMQ.inyD89R3gCtGhnfoH16vF0HxNc64um7dpraDnboYVZo&dib_tag=se&keywords=Time+Management+%28Hindi%29&qid=1745727373&sprefix=time+management+hindi+%2Caps%2C332&sr=8-1,4.4,143,https://www.flipkart.com/time-management/p/itm099132b937048?pid=9789389851755&lid=LSTBOK9789389851755ZZNUC8&marketplace=FLIPKART&q=Time+Management++%28Hindi%2C+Paperback%2C+Singh+Neeharika+Lodhi%29+4.4276+Ratings+%26+13+Reviews&store=bks&srno=s_1_1&otracker=search&otracker1=search&fm=Search&iid=1275327e-1c95-4a82-bf5f-4c26942f9782.9789389851755.SEARCH&ppt=pp&ppn=pp&ssid=k7hrv6wz9s0000001745727462267&qH=5e78c338039717e4
Think and Grow Rich 21St Cent. Edition,4.5,152,https://www.amazon.in/Think-Grow-Rich-Cent-Tamil-ebook/dp/B01MRKS12K/ref=sr_1_1?crid=3I9ZZ52H4UKQ7&dib=eyJ2IjoiMSJ9.ikBALftRgnGYUeBq7QRap-3M3yCDaTKWlpTzTbMdQxth9WDWFxLIECNFFM-HxypTCeVRfvGq0i0EHlnr3CbY1-lrkyV6x_kK8lCpk8OCGBenmEpk6btRWmB_zUSb0tEhAnsGI0NQ0W8th5HolGg-EqVHc4Lh_-DoSwV5xPkqOH5GwN7NNIAY71_Hf2p8rFtp3TXpB2T1tmOFk81fOFiPOMswmtP_n7XaF_Xn3beyhfk.aoKi6C2YV41bQPkGD1_8h4_XcLiXeAoL-2M10bKk-dg&dib_tag=se&keywords=Think+and+Grow+Rich+21St+Cent.+Edition&qid=1745727576&sprefix=think+and+grow+rich+21st+cent.+edition%2Caps%2C356&sr=8-1,4.2,149,http://flipkart.com/think-grow-rich-21st-century/p/itmf88d0c39ff2c0?pid=9789358561647&lid=LSTBOK9789358561647CPRBSF&marketplace=FLIPKART&q=Think+and+Grow+Rich+21St+Cent.+Edition&store=bks&srno=s_1_1&otracker=search&otracker1=search&fm=Search&iid=df06fe9a-d9e4-466c-9d66-1fc2f5bc333a.9789358561647.SEARCH&ppt=pp&ppn=pp&ssid=ezbid8f6e80000001745727533011&qH=12a0d9c08c5474bd
Oswaal CBSE Sample Question Paper Class 10 Mathematics (For March 2019 Exam),4.5,166,https://www.amazon.in/Oswaal-Sample-Question-Paper-Mathematics-ebook/dp/B07K58VP88/ref=sr_1_1?crid=YXXSVAYKUIQO&dib=eyJ2IjoiMSJ9.hn0dA8ej3AAbHVKOrmi4qqrONhDHM3ACFQJebKZQtI1-JvtUim8bFC6HxmldnObv-GPKmRLKQscce4eY1J3PJQB1IVKqsGDHvb7YGOSoIINNhApvDOQscx-xnyOAFmsDM44qiK2RzfdPWMt3NJIWNEfeKaOEbm1sCvvSZ_hSH1Ik42atqcyhBD2sGg_2cXQid455QOLINEqVqBtUqKVOug.WkD7_ux8-E4WmZmn8RCMXfne97hPTZepv3ciCd3y8L0&dib_tag=se&keywords=Oswaal+CBSE+Sample+Question+Paper+Class+10+Mathematics+%28For+March+2019+Exam%29&nsdOptOutParam=true&qid=1745727627&sprefix=oswaal+cbse+sample+question+paper+class+10+mathematics+for+march+2019+exam+%2Caps%2C363&sr=8-1,4.3,276,https://www.flipkart.com/oswaal-cbse-sample-question-papers-class-10-mathematics-basic-book-for-2025-exam/p/itm50321918ddb29?pid=9789362392206&lid=LSTBOK9789362392206X7LWVT&marketplace=FLIPKART&q=Oswaal+CBSE+Sample+Question+Paper+Class+10+Mathematics+%28For+March+2019+Exam%29&store=bks&srno=s_1_3&otracker=search&otracker1=search&fm=Search&iid=6143336f-dff6-42bf-8ff7-a1b23127838c.9789362392206.SEARCH&ppt=sp&ppn=sp&ssid=wngg47m44w0000001745727812409&qH=57bf1b233b151ada
I am The Mind,44,243,https://www.amazon.in/I-am-Mind-Deep-Trivedi/dp/9384850098/ref=sr_1_1?crid=2FR4AG3N66RR0&dib=eyJ2IjoiMSJ9.mbaB4xyn9WzUH7v5xPvCYoO74SINYuCXa6XNhb56MczO869_8ayRJL_9f_v8rITtCabEJnEibJVZjAY8DcI_MtAOkfJtKIsUuQfyo9-gdtKhvjkk5oF60WAfUzDd8OmujF3vJH_2gZcQ8H1a8qgvCVCBhkp5r0scjKwmVTVCBfZANu9cbkyqeR_Fmp4hK5nVnTcw0EK8l2r7EWdTMsH0vUKpJViMYRgXoFCO3QpjLQM.guyKWG4E3iyzBEs-f3w3trIKx_6yQQj9MOh9zIBiMUE&dib_tag=se&keywords=i+am+the+mind&qid=1745727894&sprefix=i+am+the+%2Caps%2C342&sr=8-1,4.4,288,https://www.flipkart.com/i-am-the-mind/p/itmb554cd1e6ab2a?pid=9789388241014&lid=LSTBOK9789388241014MUZXIF&marketplace=FLIPKART&q=I+am+The+Mind&store=search.flipkart.com&srno=s_1_2&otracker=search&otracker1=search&fm=Search&iid=210bbc4a-46ce-468b-a145-cbe130d0db82.9789388241014.SEARCH&ppt=pp&ppn=pp&ssid=gv2r1wpae80000001745727855228&qH=f7b20d6272397963
Unposted Letter,4.7,240,https://www.amazon.in/Unposted-Letter-Mahatria-Ra/dp/8183225705/ref=sr_1_1?crid=QLHRAZ1DNKAI&dib=eyJ2IjoiMSJ9.-POsU_6PwO9sJp4VcejPv9wO0BMczNBHz9DgHGYmYBv3APi4P3DxaFehq6Vijs1HPO83EboNp29daKPfuwveOG9ig5_h7Pn0uFYVpQaONQZCa4UEOPPHs38XCu44I9jVIH9F8U3PJBu3PLbbxpF3zheHUmrrulUfWVWea5V2lIoTG3e5qvohr1RQCzYPDXG5M_OfGhL4V2hGiLsd1tNfDuGxnGUmh8WDg2PFcTI6U-Y.Lm44QA2xSjcKdapr482kjuVzKR9JJkZH6FdWYnPfOSQ&dib_tag=se&keywords=Unposted+Letter&qid=1745727935&sprefix=unposted+letter%2Caps%2C333&sr=8-1,4.7,290,https://www.flipkart.com/unposted-letter/p/itme4695xwh2ej7h?pid=9788183225700&lid=LSTBOK9788183225700FEMS43&marketplace=FLIPKART&q=Unposted+Letter&store=search.flipkart.com&srno=s_1_1&otracker=search&otracker1=search&fm=Search&iid=c5f9d37d-fbf7-41ea-be06-561642a7d26a.9788183225700.SEARCH&ppt=pp&ppn=pp&ssid=adolvlc7740000001745727979729&qH=997136deb8885829
Indian Art and Culture,4.6,684,https://www.amazon.in/gp/aw/d/9355325924/?_encoding=UTF8&pd_rd_plhdr=t&aaxitk=401c88ed9d56a657577b8a1592527996&hsa_cr_id=0&qid=1745728122&sr=1-2-e0fa1fdd-d857-4087-adda-5bd576b25987&ref_=sbx_be_s_sparkle_lsi4d_asin_1_img&pd_rd_w=tHuyR&content-id=amzn1.sym.df9fe057-524b-4172-ac34-9a1b3c4e647d%3Aamzn1.sym.df9fe057-524b-4172-ac34-9a1b3c4e647d&pf_rd_p=df9fe057-524b-4172-ac34-9a1b3c4e647d&pf_rd_r=9HAVHHKP2CA8DPYV8VZA&pd_rd_wg=Wxob9&pd_rd_r=50415b48-d395-4e8a-b205-ac3c09fe47ad,4.6,632,https://www.flipkart.com/indian-art-culture-english-nitin-singhania-ias-upsc-cse-2025-5th-latest-multicolour-book-civil-services-exam-prelims-mains-interview-state-pscs-exams-pcs-exams-exclusive-access-mcgraw-hill-edge-online-platform-10-supplementary-topics-practice-tests-expert-sessions-preparation-strategy-much-more/p/itma754df5d9c277?pid=9789355325921&lid=LSTBOK9789355325921LFAAWE&marketplace=FLIPKART&q=Indian+Art+and+Culture&store=search.flipkart.com&srno=s_1_1&otracker=search&otracker1=search&fm=Search&iid=en_GGHOdMZCQbnvLUhloYOrAUmEodfn9Az3SHNvs6PubCjGrFjzu0B7wYYlSwyLtHQnZ5eX5k9n_TGnNEXTAGdq8vUFjCTyOHoHZs-Z5_PS_w0%3D&ppt=sp&ppn=sp&ssid=w50sadnef40000001745728045442&qH=50512e8b096c16c8
Oswaal CBSE Question Bank Class 10 Social Science Chapterwise and Topicwise (...,4.4,577,https://www.amazon.in/Oswaal-Question-Science-Chapterwise-Topicwise/dp/9359581232/ref=sr_1_1?crid=349L16BD7W0LX&dib=eyJ2IjoiMSJ9.ucR8X5qjFvbAa5fbp048SzWzIxfLxUr8FKX6XQfEG2FNBpxhFdBotfCCVcvL0znSye-Vmj4kDWOZq6Ri3XjQLgwgiXSZexzuvj5Xpc3O-0b-0YAvhO4xL9UdytkVrydM_Sr7vBC53-X3yCfo-axO_t8gnDzaG1TESrrWX8gHnSBMRgLxYM1T6erodEnTm8RtKqWVJS3NldiBnhllDGz7c2_x5oLEbzws4iHW_L15d-0.5ZvjmUVEaRcv7KC_oo1SiUJp3dJbl2nopu-Oc3mkmH0&dib_tag=se&keywords=Oswaal+CBSE+Question+Bank+Class+10+Social+Science+Chapterwise+and+Topicwise+%28...&nsdOptOutParam=true&qid=1745728163&s=books&sprefix=oswaal+cbse+question+bank+class+10+social+science+chapterwise+and+topicwise+...%2Cstripbooks%2C298&sr=1-1,4.3,571,https://www.flipkart.com/oswaal-cbse-question-bank-class-10-social-science-chapterwise-topicwise-solved-papers-board-exams-2025/p/itm90e9823e42776?pid=9789359581231&lid=LSTBOK9789359581231OHQ0QC&marketplace=FLIPKART&q=Oswaal+CBSE+Question+Bank+Class+10+Social+Science+Chapterwise+and+Topicwise+%28...&store=bks&srno=s_1_1&otracker=search&otracker1=search&fm=Search&iid=cf1a35b9-44df-4e65-bf43-93f7a86362cf.9789359581231.SEARCH&ppt=pp&ppn=pp&ssid=pxo7ps76400000001745728212947&qH=0d0ef580255b1602
Apke Avchetan Man Ki Shakti (The Power of your Subconscious Mind in Hindi),4.4,130,https://www.amazon.in/Apke-Avchetan-Man-Ki-Shakti/dp/9352619641/ref=sr_1_1?crid=1QGZ11W5YKUR5&dib=eyJ2IjoiMSJ9.LouocArDXPSS_UKyc3dsT248ZTo7anS8bskUmYvmFcvePa2oq_WtM_PdUBW5AFpXTUje4Zym1-am9UGDTtLgeYZ4h2LFGD_xXMG5PWa89Zq7G8HWwmjKq4ixtTO11hcyjptohqkKs8-G99vYHSnXh1utonZPVxUtUJXLzIlBsKZ1R-tI8XVcgnF6sSq_SZM2sGz47-yDqCKJkFKZXemwrcl4EPXMM58lsh458pQ_IWo.CWlCCHJDLOD5nXIU3gqiZ_GgbYSzJaWuWWaW6WrZQKk&dib_tag=se&keywords=Apke+Avchetan+Man+Ki+Shakti+%28The+Power+of+your+Subconscious+Mind+in+Hindi%29&nsdOptOutParam=true&qid=1745728291&s=books&sprefix=apke+avchetan+man+ki+shakti+the+power+of+your+subconscious+mind+in+hindi+%2Cstripbooks%2C346&sr=1-1,4.7,170,https://www.flipkart.com/apke-avchetan-man-ki-shakti-the-power-your-subconscious-mind-hindi/p/itme6078367ea450?pid=9789390896899&lid=LSTBOK9789390896899PS6M4Q&marketplace=FLIPKART&q=Apke+Avchetan+Man+Ki+Shakti+%28The+Power+of+your+Subconscious+Mind+in+Hindi%29&store=bks&srno=s_1_1&otracker=search&otracker1=search&fm=Search&iid=59e10255-fbb4-47cc-a696-63fd34dad772.9789390896899.SEARCH&ppt=pp&ppn=pp&ssid=u08egjlkz40000001745728248809&qH=c0467bfe7f0a3cb1
50 Self-Help Classics (The 50 Classics),4.4,619,https://www.amazon.in/50-SELF-HELP-CLASSICS-Tom-Butler-Bowdon/dp/1473658284/ref=sr_1_1?crid=26EFNF5R7KEJK&dib=eyJ2IjoiMSJ9.svogibWNVv8m0pjRWVMrMzDLvs2MqPCGGGRxOcgGE2Ag56jt_S9VTST4vHcteWpeEXg_95lEv29vxJDor9lKh7URv-nXp4fyuXG-6CjUQbjeJ-TiRsJTOkFmziZwDKyrC08FaAWp_kWGo2B7HOG9i2frYSYNCLnwKABcCFxuYNFFiwGzqo8C0blmv1B-ZU0IuGUlpBM5YX1BS4yB6qUMVGiyv7PPBNVSvQIS0eHk4dI.1R9oixBSvy70UcjslNoB02cVfC6VNZ-MaF76FPVIibM&dib_tag=se&keywords=50+Self-Help+Classics+%28The+50+Classics%29&qid=1745728341&s=books&sprefix=50+self-help+classics+the+50+classics+%2Cstripbooks%2C313&sr=1-1,4.6,607,https://www.flipkart.com/50-self-help-classics/p/itmfc5c6jydbquaq?pid=9781473658288&lid=LSTBOK9781473658288QZYE14&marketplace=FLIPKART&q=50+Self-Help+Classics+%28The+50+Classics%29&store=search.flipkart.com&srno=s_1_2&otracker=search&otracker1=search&fm=Search&iid=6f2d1961-dfd9-4d6f-93cb-8da5ac87cbef.9781473658288.SEARCH&ppt=sp&ppn=sp&ssid=dydpe0h48w0000001745728397503&qH=5259ca780c41fa7e
The Law of Success: In Sixteen Lessons (General Press),4.5,3150,https://www.amazon.in/Law-Success-Sixteen-Lessons/dp/9389440890/ref=sr_1_1?dib=eyJ2IjoiMSJ9.Plv49zXMXwdPnGUNpD05t4dHLE4sA0mHVgvV7gouiND-np316aSBbPBGpZqnYCKpq6uxXUKnHtFs1XaCyXPIH9fyUs9zOSwBdNWf5YFM2kQIGxW3XDlAwvOAG7sFvJcVVFAjMuKVoOAYgDAgkjobV6yVdmXWuua5ghyDuC5gk_aJzcI1Hq6xigQmpUTi_lOwghB3aDIMZLMHUEukuBPksAaAtgRpihBn92P73L4qlU4.j3tryNdG9jS4aWz6ofuRuv3fqcp6q74BsHG3z53DTXU&dib_tag=se&keywords=The+Law+of+Success%3A+In+Sixteen+Lessons+%28General+Press%29&nsdOptOutParam=true&qid=1745728498&s=books&sr=1-1-catcorr,4.5,949,https://www.flipkart.com/the-law-of-success/p/itmfbh7syhmwrarc?pid=9789389157949&lid=LSTBOK9789389157949L3IBNL&marketplace=FLIPKART&q=The+Law+of+Success%3A+In+Sixteen+Lessons+%28General+Press%29&store=bks&srno=s_1_1&otracker=search&otracker1=search&fm=Search&iid=8a769ddc-a5c1-4a4a-bc83-beae525a9bd8.9789389157949.SEARCH&ppt=pp&ppn=pp&ssid=egn40v7j1c0000001745728437765&qH=e72c763176343ff1
Rahasya,4.5,297,https://www.amazon.in/Rahasya-Rhonda-Byrne/dp/8183220940/ref=sr_1_3?crid=1BGTRVT2F7T22&dib=eyJ2IjoiMSJ9.OKGvxOibAMNXeKSAcg53YcP1U78aYSv11zlrg6zysIAvjeLZ96iKLNxzV4spReVHH9ogkLbie6FzwB67mjnDEhivpcroqLvk5jB9prSiIHJvcg4oJELx7xlcSS-OUiHl4M9QLK805w6yIhKoALSI-ursGR5e9QxH_OKSG8j4hRy0QM_aFK8djWF0cLCchDltw7N6dbMQ0eI_XqUPSL5C9wxhFNn0nQe4qkTnCCAN-Bw._L1dsgTj5B1-l9d0_d9eKp7fLe2sYNMpYPT6qZs6BLY&dib_tag=se&keywords=Rahasya&qid=1745728583&s=books&sprefix=%2Cstripbooks%2C363&sr=1-3,4.4,395,https://www.flipkart.com/sabse-bada-rahasya-hindi/p/itm71bb0d8164d26?pid=9789390924141&lid=LSTBOK9789390924141HXL8F5&marketplace=FLIPKART&q=Rahasya&store=bks&srno=s_1_6&otracker=search&otracker1=search&fm=Search&iid=01bbe738-ef36-4178-8509-66c93c2e4430.9789390924141.SEARCH&ppt=pp&ppn=pp&ssid=8aijfgdmxc0000001745728671829&qH=561e2acf42479079
13 Steps to Bloody Good Luck,4.1,171,https://www.amazon.in/13-Steps-Bloody-Good-Luck/dp/9395767774/ref=sr_1_1?crid=2JLT65FCAPLTW&dib=eyJ2IjoiMSJ9.m1u8JtdKjju19itEAw3me3d2EIvwfMtHgwqV8J1sOFy0xGEtsr9eNZQOrbe6FwU1q6xDRnwjx4DBsxZDsk_vI_iafjZQHaEBh-tEy7B5vhPUrQw15XZb1yvQ0gLnFO3oeQnzjmfOHnkLqGGA8dGX7uJPQC2Dc8mgTn3T76XaKonVt0gQIbehr1ZOX1GlRhMG64IxsSclz_dmwveJJedX1Bl_aSzQPrmONbMT--jjeNQ.uujpCpCWfcAMFIED7TaD_zgbl6fA2BVvbvEdH28B85s&dib_tag=se&keywords=13+Steps+to+Bloody+Good+Luck&qid=1745728794&s=books&sprefix=13+steps+to+bloody+good+luck%2Cstripbooks%2C545&sr=1-1,4.1,89,https://www.flipkart.com/13-steps-bloody-good-luck/p/itmezunpafugfwgq?pid=9789395767774&lid=LSTBOK9789395767774ICRHKP&marketplace=FLIPKART&q=13+Steps+to+Bloody+Good+Luck&store=search.flipkart.com&srno=s_1_1&otracker=search&otracker1=search&fm=Search&iid=6cfd79d3-6c88-47c9-b2bc-ad81b6f4f199.9789395767774.SEARCH&ppt=sp&ppn=sp&ssid=tb3pcyqu7k0000001745728748234&qH=0f942ad265cddd94
Mastering the Market Cycle: Getting the Odds on Your Side,4.4,482,https://www.amazon.in/MASTERING-MARKET-CYCLE-Howard-Marks/dp/1473695686/ref=sr_1_1?crid=3H4P27PMVIFCN&dib=eyJ2IjoiMSJ9.J_KGmLE-h9YHCMMTAWBOo8jo_dGtXkKvEbpSg_iDeAiXouBC5LTD-3WjrGGq9hE9ZFRa2rtATVWlNWd5TUcjtA.w7e3VVEhhFyrEqYSjByPfHZ6R7gsnkfcwU53JlR6Wqc&dib_tag=se&keywords=Mastering+the+Market+Cycle%3A+Getting+the+Odds+on+Your+Side&nsdOptOutParam=true&qid=1745728854&s=books&sprefix=mastering+the+market+cycle+getting+the+odds+on+your+side%2Cstripbooks%2C292&sr=1-1,4.1,449,https://www.flipkart.com/mastering-market-cycle-getting-odds-your-side/p/itm94c457cd7985c?pid=RBKHAP686UAWERHG&lid=LSTRBKHAP686UAWERHGWWFYVT&marketplace=FLIPKART&q=Mastering+the+Market+Cycle%3A+Getting+the+Odds+on+Your+Side&store=search.flipkart.com&srno=s_1_1&otracker=search&otracker1=search&fm=Search&iid=0849f436-3661-4e47-9f9e-efe5808c8d09.RBKHAP686UAWERHG.SEARCH&ppt=pp&ppn=pp&ssid=54kd90hzcw0000001745728904851&qH=78d35115cc1bf16b
Touch the Sky: The inspiring stories of women from across India who are writing...,4.2,179,https://www.amazon.in/Touch-Sky-inspiring-stories-writing/dp/9386850702/ref=sr_1_1?crid=LBGWFAOXPQBZ&dib=eyJ2IjoiMSJ9.ouDovDgb8sCQQZi8RpY9rg.e4LTwcA80oPdl4pIZTHrPY1JV8WSZ0MDSW6sY62R6zA&dib_tag=se&keywords=Touch+the+Sky%3A+The+inspiring+stories+of+women+from+across+India+who+are+writing...&nsdOptOutParam=true&qid=1745729026&s=books&sprefix=touch+the+sky+the+inspiring+stories+of+women+from+across+india+who+are+writing...%2Cstripbooks%2C307&sr=1-1,4.4,260,https://www.flipkart.com/know-your-worth-stop-thinking-start-doing/p/itm2205af1d88991?pid=9788180320231&lid=LSTBOK9788180320231J5FQIJ&marketplace=FLIPKART&q=Know+Your+Worth%3A+Stop+Thinking%2C+Start+Doing+%28General+Press%29&store=bks&srno=s_1_1&otracker=search&otracker1=search&fm=Search&iid=ecac6e16-5634-4ab9-a110-80fbda01cb37.9788180320231.SEARCH&ppt=sp&ppn=sp&ssid=7jbr7x13og0000001745728972640&qH=678e258732bfef72
Ego is the Enemy,4.5,419,https://www.amazon.in/Ego-Enemy-Ryan-Holiday/dp/1781257019/ref=sr_1_1?crid=1JXVZBPZZSEC0&dib=eyJ2IjoiMSJ9.dgzJYNU7vRIfvIXOeexqnbdCQFPhnyBnNSJHxWFpIKKq5hufOtE-pWBh1l2jHFXZ-3QWStxsGYjRUMUrQ6q0Ino5oNB8SUcvK_ZVk-BNm5nihmlQl1vhIQBP0WXs5M_aN_WrJSu7FaTf9db6m40SLduJNrSG4a5JXUT41Ysc130pZsnE8ktHPSNqMGs7vhTS0uPCHAnxfn59hr_jZKSWtsbu4BPK1HIAjbAbBCbl578.iUUYG4_iYs5tCsg19cpHDXB9V3xlH8zZDwPuaGulbNE&dib_tag=se&keywords=Ego+is+the+Enemy&qid=1745730132&s=books&sprefix=ego+is+the+enemy%2Cstripbooks%2C501&sr=1-1,4.4,137,https://www.flipkart.com/ego-enemy-t/p/itmf4ycshe4fnres?pid=9781781257029&lid=LSTBOK9781781257029BWEVJY&marketplace=FLIPKART&q=Ego+is+the+Enemy&store=search.flipkart.com&srno=s_1_1&otracker=search&otracker1=search&fm=Search&iid=7cf34c3a-b54d-4bd3-b767-6bbd9e8b0a0c.9781781257029.SEARCH&ppt=pp&ppn=pp&ssid=650zak1vj40000001745730177112&qH=1effbc7cf88182c0
Copycat Marketing 101,4.3,150,https://www.amazon.in/Copycat-Marketing-101-Burke-Hedges/dp/8182744466/ref=sr_1_2?crid=2A9W6PZSENE7S&dib=eyJ2IjoiMSJ9.LVuS2jqz_AxzCuot3dQ5weCQnu7fmzu1mLFIF_GUaRnRTlA4YcTaGf6NyO29eIapzFrIPQmOE3BLrkkkQSk7nVtCXu3ujlqIaDdEIcxc3atm18X9ar03rZs5eZuj2GqNjzK1jmxxLkhEorj4CFC_QiJNgg09uoJyDF89wTadn0jjDYXWNqfpb6-oRPfrBUseiAw9BOkNmg3EzW3In-Zigaj4RC-KoXedqmuMDvwh3Pg.UeG6Zw497D_m74fnq8jxCd7DigwIJnrD_KWCw4ScMNk&dib_tag=se&keywords=Copycat+Marketing+101&qid=1745730283&s=books&sprefix=copycat+marketing+101%2Cstripbooks%2C397&sr=1-2,4.4,198,https://www.flipkart.com/copycat-marketing-101/p/itmezunpadmjh2nd?pid=9788182746947&lid=LSTBOK97881827469478AVIQF&marketplace=FLIPKART&q=Copycat+Marketing+101&store=bks&srno=s_1_2&otracker=search&otracker1=search&fm=Search&iid=977a18d3-bb99-4b86-a61a-fe1de4335a87.9788182746947.SEARCH&ppt=pp&ppn=pp&ssid=w5iy1i4wrk0000001745730212975&qH=89496844ba5367fa
Rich Dad Poor Dad (tamil),4.4,308,https://www.amazon.in/Rich-Dad-Poor-Kannada/dp/9390085314/ref=sr_1_1_sspa?crid=3SNC5C06BI52&dib=eyJ2IjoiMSJ9.pZ6nBoTG_wXOYrG_HkHMp9lGAkV0iSxxruRYKeCLvo_yINO4Y5zqRC_xXytqdzEqVm_9wR7ZfQcd9cWIZdFgs_GFINVM7WFw4GALkbFVyWU3HsUV4J95W56fMiMGDXEPbWLnvnhT09tvbx655sLcqY0C-14nn9MJmzWXSUJ91ZaTle_WLT36Ny6SwvVN5PjXJwEnX-DsBM2MVithZte0fwIWuFzt-2hdvrHqOXhaP7Y._a8W7UOaALrdsP5MKy2199ymp_vq5VyZJhz_hnnSB_8&dib_tag=se&keywords=Rich+Dad+Poor+Dad+%28tamil%29&qid=1745730418&s=books&sprefix=rich+dad+poor+dad+tamil+%2Cstripbooks%2C322&sr=1-1-spons&sp_csd=d2lkZ2V0TmFtZT1zcF9hdGY&psc=1,3.9,624,https://www.flipkart.com/rich-dad-poor-skill-people/p/itm2601de82b3a98?pid=RBKGPQPYZ9G75Z6D&lid=LSTRBKGPQPYZ9G75Z6DSMID3P&marketplace=FLIPKART&q=Rich+Dad+Poor+Dad+%28tamil%29&store=bks&srno=s_1_1&otracker=search&otracker1=search&fm=Search&iid=43d239df-7152-4f79-a14a-8ae814579998.RBKGPQPYZ9G75Z6D.SEARCH&ppt=pp&ppn=pp&ssid=wxqnesm98g0000001745730596496&qH=f9b5fccfba8359d4
Inspiring Thoughts (Inspiring Thoughts Quotation Series),4.3,150,https://www.amazon.in/Inspiring-Thoughts-Quotation/dp/8170287499/ref=sr_1_1?crid=WALKSCIZVSTP&dib=eyJ2IjoiMSJ9.AyJ0g6QMoO03RH1p-ULboVUgtnLUR1MmAKqp7Cza48klFvGbDHIA0mUEKeoa3iTB3-FrodlwXDx1Jq46sMCK0AudLHFSKJxx0DTM3HwVOxCLLvZ5oz5XkyGeT6TVJlBhxEceh50tdvBgC8dKdmhQNYz-lLwUbkBwKhtB4SNMVzOzDgwK1mPCfTQ0gG6ad8adQz-a-xfAKVN18fderhXdoo9qr6lQhEzpNEJIz8sCWxw.uSP2_mEmJKUBCSib-yQoflgNkZOEJCDgc637gnBaW5E&dib_tag=se&keywords=Inspiring+Thoughts+%28Inspiring+Thoughts+Quotation+Series%29&nsdOptOutParam=true&qid=1745730806&s=books&sprefix=inspiring+thoughts+inspiring+thoughts+quotation+series+%2Cstripbooks%2C322&sr=1-1,3.6,294,https://www.flipkart.com/inspiring-thoughts-inspiring-quotation-series-set-2-books/p/itm62fc5c7df63bb?pid=RBKGZ9VYHFGAZPCY&lid=LSTRBKGZ9VYHFGAZPCY7CVFR7&marketplace=FLIPKART&q=Inspiring+Thoughts+%28Inspiring+Thoughts+Quotation+Series%29&store=bks&srno=s_1_1&otracker=search&otracker1=search&fm=Search&iid=7bedc2f1-bb45-4bc0-8024-e9e56ffeaa29.RBKGZ9VYHFGAZPCY.SEARCH&ppt=pp&ppn=pp&ssid=cecmyl2n5c0000001745730696350&qH=ecbcbad6a60f158a
"The 5 Second Rule: Transform your Life, Work, and Confidence with Everyday Courage",4.4,990,https://www.amazon.in/Second-Rule-Transform-Confidence-Everyday/dp/B06WP858SB/ref=sr_1_1?crid=211QF0GH0NV4T&dib=eyJ2IjoiMSJ9.dtkBiD9HNEMjHHBXUCtQYec9T568YIumPAnv4OtLNXHsP6bh5m3-YflPXXEw4ki8ftyoxd-EVUy4hFR4Vi2dg3RSNefw6n93tzH-cyeF7S4.6OcLXGm5Ol2KyOcGQsNlQwAoU2qqP2b9cpI9zpfVg-M&dib_tag=se&keywords=The+5+Second+Rule%3A+Transform+your+Life%2C+Work%2C+and+Confidence+with+Everyday+Courage&nsdOptOutParam=true&qid=1745730856&s=books&sprefix=the+5+second+rule+transform+your+life%2C+work%2C+and+confidence+with+everyday+courage%2Cstripbooks%2C340&sr=1-1,4.5,832,https://www.flipkart.com/5-second-rule-transform-your-life-work-confidence-everyday-courage/p/itm32d698bbf1ff7?pid=9781638063087&lid=LSTBOK9781638063087TX4QWV&marketplace=FLIPKART&q=The+5+Second+Rule%3A+Transform+your+Life%2C+Work%2C+and+Confidence+with+Everyday+Courage&store=bks&srno=s_1_1&otracker=search&otracker1=search&fm=Search&iid=en_Hd3UhrlT4qmH4nNPF9WXWXd7fBLow6KvhzAbbrw2gLESKWkVNOYmzLRGurzT0UI8_JBBSOt5QLFiivCOHjGdrg%3D%3D&ppt=pp&ppn=pp&ssid=sxxbli0x4g0000001745730972542&qH=3767cbdc97480093
How to Prepare for Logical Reasoning for CAT,4.4,618,https://www.amazon.in/Logical-Reasoning-Preparation-Previous-Solved/dp/9355325118/ref=sr_1_1_sspa?crid=3V9402YK5797C&dib=eyJ2IjoiMSJ9.eiIs5ZR1xykbMDH_E0_-Z5qcEgQSVFlid4oQLHxYw12ZrZT8WW4XcwnnY0pws9j_dzSV_6nqO0On3zqF7kka4y4ixCqeYo_nE3i7UJWp5t00tQXt9DRkyYIYdWTClKfeemP-rsjOvjwFhgAoIQox0qmWjBGvnEsYPHZwLY9gyJAl1dAz-aD-zgIgx90O-CXy0rSI4PB0TmeRhny0eFqTdtZT4msnKuq4YSD82CPIGdA.BGx1oKelM6UBIdub8vv9zpkcYxgdbUFJp5Av9R6HzJo&dib_tag=se&keywords=How+to+Prepare+for+Logical+Reasoning+for+CAT&nsdOptOutParam=true&qid=1745731065&s=books&sprefix=how+to+prepare+for+logical+reasoning+for+cat%2Cstripbooks%2C331&sr=1-1-spons&sp_csd=d2lkZ2V0TmFtZT1zcF9hdGY&psc=1,4.1,662,https://www.flipkart.com/prepare-logical-reasoning-common-admission-test-other-management-examinations-fourth/p/itmevpzy2ke4fpqq?pid=9789352606948&lid=LSTBOK9789352606948SEEZFH&marketplace=FLIPKART&q=How+to+Prepare+for+Logical+Reasoning+for+CAT&store=bks&srno=s_1_1&otracker=search&otracker1=search&fm=Search&iid=3441b106-d842-47d9-b1b7-2673a6cfaf5e.9789352606948.SEARCH&ppt=pp&ppn=pp&ssid=2vkl4qebc00000001745731017966&qH=4d64bc592700d0e4
Sanyasi Jisne Apni Sampati Bech Di: The Monk Who Sold His Ferrari (Hindi),4.4,166,https://www.amazon.in/Ferrari-Sanyasi-Jisne-Sampati-Hindi-ebook/dp/B01M3TUIQV/ref=sr_1_1?crid=72KF57UW719F&dib=eyJ2IjoiMSJ9.-n0omDrDIac4zCisg5Mw8w.oTPLnvuzQcXHWzkdbCeTzTCZ3JKOI--0vgHI9GO81pA&dib_tag=se&keywords=Sanyasi+Jisne+Apni+Sampati+Bech+Di%3A+The+Monk+Who+Sold+His+Ferrari+%28Hindi%29&nsdOptOutParam=true&qid=1745731182&s=books&sprefix=sanyasi+jisne+apni+sampati+bech+di+the+monk+who+sold+his+ferrari+hindi+%2Cstripbooks%2C487&sr=1-1,4.4,215,https://www.flipkart.com/monk-sold-his-ferrari-sanyasi-jisne-apni-sampati-bech-di/p/itmedf66455c683e?pid=9788179924945&lid=LSTBOK9788179924945YDYQM2&marketplace=FLIPKART&q=Sanyasi+Jisne+Apni+Sampati+Bech+Di%3A+The+Monk+Who+Sold+His+Ferrari+%28Hindi%29&store=bks&srno=s_1_1&otracker=search&otracker1=search&fm=Search&iid=868d1222-f0e2-4754-ba85-426d2e293bb0.9788179924945.SEARCH&ppt=pp&ppn=pp&ssid=2mpuus23lc0000001745731245057&qH=c22863fb48c220a8
Xam Idea Chemistry Class 12 for 2019 Exam,4.1,750,https://www.amazon.in/Idea-Sample-Papers-Chemistry-Class/dp/9388272366/ref=sr_1_3?crid=Q64NW1TFJA6Q&dib=eyJ2IjoiMSJ9.5MhnU2Ghfe20TqX96-WHKHotiJvdmuM8NVU4-1H1WfiATW9rdggslO33pjXFtrx5caxO_11n6BRDaS-eFsQysg.Pno4d0Dd-7kwWXhkrxuE38UdI1HegQEcBCZizRJIKmI&dib_tag=se&keywords=Xam+Idea+Chemistry+Class+12+for+2019+Exam&nsdOptOutParam=true&qid=1745731375&s=books&sprefix=xam+idea+chemistry+class+12+for+2019+exam%2Cstripbooks%2C305&sr=1-3,4.5,762,https://www.flipkart.com/xam-idea-chemistry-class-12-book-cbse-board-chapterwise-question-bank-based-revised-syllabus-ncert-questions-included-2023-24-exam/p/itmee51e074557e7?pid=RBKHF2HSPTY8FHGY&lid=LSTRBKHF2HSPTY8FHGYP2AGQP&marketplace=FLIPKART&q=Xam+Idea+Chemistry+Class+12+for+2019+Exam&store=bks&srno=s_1_4&otracker=search&otracker1=search&fm=Search&iid=bb0d4b60-aa0e-4bd8-bf40-102a11518563.RBKHF2HSPTY8FHGY.SEARCH&ppt=pp&ppn=pp&ssid=kbv64k6m400000001745731331665&qH=f915c69727628d1b
Success - the Best of Napoleon Hill,4.2,214,https://www.amazon.in/Super-Success-Ke-Golden-Rules/dp/9352660560/ref=sr_1_1_sspa?dib=eyJ2IjoiMSJ9.KCtQ5nIIpbEjP4fgyHWlY7b9G-1AK3XuYfL0tKm9VlGKCo2_YFesTEvX_8bukPkW0NTthgTVQwhlwBS2F6DjV0HyRYBnq8CCqQl-2ZHy-Pu2ch9bkhMEuEMMs0sGPNbCqB9Pxvjl3BM1wvH7leCl356uEudiWSSYZriYJH3Xtmdd4fpddxzCFal2hvx3qp_ONQ6DQtjCbeBqnLPqyW5KqPy7PJiwn1lOtcPouI2Vxt0.TGHs0g-xwvaFy-sgnPgKN0WfeNmUHbc5HSfIgUkmKxQ&dib_tag=se&keywords=Success+-+the+Best+of+Napoleon+Hill&qid=1745749150&s=books&sr=1-1-spons&sp_csd=d2lkZ2V0TmFtZT1zcF9hdGY&psc=1,4.2,248,https://www.flipkart.com/the-science-of-success/p/itme9tuzqnnjmcu8?pid=9788184957105&lid=LSTBOK9788184957105MV7BPW&marketplace=FLIPKART&q=Success+-+the+Best+of+Napoleon+Hill&store=bks&srno=s_1_7&otracker=search&otracker1=search&fm=Search&iid=e2c47951-47a7-4bc4-8943-ffd7c525f9da.9788184957105.SEARCH&ppt=pp&ppn=pp&ssid=yl2gtoa7o00000001745749229840&qH=f09efd1e41e6ed50
Everything You Wanted To Know About Stock Market Investing - Revised & Updated...,4.1,1499,https://www.amazon.in/Everything-Wanted-About-Market-Investing/dp/9387860191/ref=sr_1_1?crid=RBGZYJZR1Y47&dib=eyJ2IjoiMSJ9.KMiX-eugjFqug-fvxRriCn3MVXyVpEgO4I-7GKQpGmttASzb9lbE3vuKNFCKQkzY.a7OXa3v8az5cvXwnWBgM07TY9C6It4jXJ_t1jwISzgg&dib_tag=se&keywords=Everything+You+Wanted+To+Know+About+Stock+Market+Investing+-+Revised+%26+Updated...&nsdOptOutParam=true&qid=1745749371&s=books&sprefix=everything+you+wanted+to+know+about+stock+market+investing+-+revised+%26+updated...%2Cstripbooks%2C290&sr=1-1,3,264,https://www.flipkart.com/everything-you-wanted-know-stock-market-investing-1st/p/itmdf894fzuvc6hu?pid=9789380200057&lid=LSTBOK9789380200057ROYUYD&marketplace=FLIPKART&q=Everything+You+Wanted+To+Know+About+Stock+Market+Investing+-+Revised+%26+Updated...&store=bks&srno=s_1_1&otracker=search&otracker1=search&fm=Search&iid=9899550b-6c5f-4cf0-b1ac-9350e432efae.9789380200057.SEARCH&ppt=pp&ppn=pp&ssid=9s919zrh9c0000001745749307395&qH=853b22cffbb51eb2
Discover Your Destiny 15 million copies sold,4.4,224,https://www.amazon.in/Discover-Your-Destiny-million-copies/dp/8179923274/ref=sr_1_1?crid=BOBW8RFQSWUW&dib=eyJ2IjoiMSJ9.pfznEU2ROFZJYKLeG48OnA.gE1ydOjRIgx4x09HDXAE3LbFA76lsGyvzDydPfyAhKo&dib_tag=se&keywords=Discover+Your+Destiny+15+million+copies+sold&qid=1745749470&s=books&sprefix=discover+your+destiny+15+million+copies+sold%2Cstripbooks%2C348&sr=1-1,3.9,1123,https://www.flipkart.com/discover-your-destiny-monk-sold-his-ferrari/p/itmfbqv8meptwjgw?pid=9780007195718&lid=LSTBOK97800071957182DCMLU&marketplace=FLIPKART&q=Discover+Your+Destiny+15+million+copies+sold&store=search.flipkart.com&srno=s_1_1&otracker=search&otracker1=search&fm=Search&iid=508ccc98-181f-439a-a15a-f282b7d5d9c5.9780007195718.SEARCH&ppt=sp&ppn=sp&ssid=j1vh7dd7eo0000001745749521771&qH=fcd348a2db558c13
Understanding Physics for JEE Main & Advanced Electricity & Magnetism,4.3,622,https://www.amazon.in/Arihant-Understanding-Physics-Main-Advanced/dp/9368403066/ref=sr_1_1?crid=2UEFBSAGR9JK1&dib=eyJ2IjoiMSJ9.liRFc8oz3NoPG9CtUlruCEwVAbUR8jfMCqne2Q-DyN1onZiCg1A8FOaL6KonjCtznNdD0m3E8CU1xj4x7FalbtmS4GDz-Qt8JGGNLC8B1Rlk6Tn4WRGzhYMR6dVYZ6wg-Cw7-Qo6yne4nWNgtZwLMrFJvqiYXSxwGyV0B4BJzICW_GCNPIckefpf7XQLQ88XuPgwccApSoq9JKfn9Y9wMvL9M5bNtfuwocf6jn-0PEU.ydz1rpuOzw71Mq5D7qmnDD7_LL845IUKcQosOfrZNbE&dib_tag=se&keywords=Understanding+Physics+for+JEE+Main+%26+Advanced+Electricity+%26+Magnetism&nsdOptOutParam=true&qid=1745749748&s=books&sprefix=understanding+physics+for+jee+main+%26+advanced+electricity+%26+magnetism%2Cstripbooks%2C576&sr=1-1,4.6,615,https://www.flipkart.com/arihant-understanding-physics-jee-main-advanced-2025-electricity-magnetism-dc-pandey-revised-main-advanced-preparation/p/itm76138e53af91c?pid=9789368403067&lid=LSTBOK97893684030670GLNUF&marketplace=FLIPKART&q=Understanding+Physics+for+JEE+Main+%26+Advanced+Electricity+%26+Magnetism&store=bks&srno=s_1_1&otracker=search&otracker1=search&fm=Search&iid=f31d9d1a-3a74-47d9-a56b-598f72bf983c.9789368403067.SEARCH&ppt=pp&ppn=pp&ssid=6tbg6us3g00000001745749688981&qH=3a99fc5b4fffc69e
GATE 2019: Mechanical Engineering - Previous Solved Papers,4.3,316,https://www.amazon.in/GKP-GATE-2025-Instrumentation-Chapter-wise/dp/9356817316/ref=sr_1_1_sspa?crid=226HM1X6N1YMR&dib=eyJ2IjoiMSJ9._U1lEksgvAcnU3BPLkbe5htJuUlyiuvTcJ_iT31XpOTa1_YLZ2FIcia14fzN0PpCdzYfGyef1ob5-6vhZAEupnoG0uJJSfQEqAOTsl799EmRcq69gtXlyKB1RrC9O8WI_lbH8_oILM1BC20JiEMrTLmuI4G6XEjNQFg2Y7kyXRt62cPhSnv72YT13hwgDNc7ksXN1YW_7trwP6vdmxPW3sKUzVudoBXsXpxZ3TbS82A.YIyCGyqEe8IJblbcZh7QV6AE9gTYeSkC8KE0hngPVYo&dib_tag=se&keywords=GATE+2019%3A+Mechanical+Engineering+-+Previous+Solved+Papers&nsdOptOutParam=true&qid=1745749796&s=books&sprefix=gate+2019+mechanical+engineering+-+previous+solved+papers%2Cstripbooks%2C572&sr=1-1-spons&sp_csd=d2lkZ2V0TmFtZT1zcF9hdGY&psc=1,4,457,https://www.flipkart.com/gate-chapterwise-previous-years-solved-papers-2023-2000-mechanical-engineering/p/itm86e2edb5df3c0?pid=9789388129060&lid=LSTBOK97893881290601MBJBE&marketplace=FLIPKART&q=GATE+2019%3A+Mechanical+Engineering+-+Previous+Solved+Papers&store=bks&srno=s_1_9&otracker=search&otracker1=search&fm=Search&iid=b6367c3c-c297-49f9-a03e-e6c5e33e4e41.9789388129060.SEARCH&ppt=pp&ppn=pp&ssid=5x2gmuyhdc0000001745749852911&qH=87f816ea3eac0de3
Adiyogi: The Source of Yoga,4.6,214,https://www.amazon.in/Adiyogi-Source-Yoga-Sadhguru/dp/9352643925/ref=sr_1_2?crid=2H03368E2E8ZV&dib=eyJ2IjoiMSJ9.Gt86jrAj5lpoJREgiVG8dVDk2gEO_hlZRsO2RS9y3U9QmOTXVThSW1NSV_ppxpTbtzDs19Eo4WQXhxH0aTgt0D51rGq0DpBeQ611gwKwnwS22Q8MHdHcSKRKQDun-XfH7bBw6z8gq9jpAmoYybl1kDzayKxeuY5TWXu7DuLN3CfNL4cOEigIPvVxEmA6CSja.vbCCVnO-4IpAANQgMkukFTZo_-Lsu9CqMUcz8RT7IWM&dib_tag=se&keywords=Adiyogi%3A+The+Source+of+Yoga&qid=1745749957&s=books&sprefix=adiyogi+the+source+of+yoga%2Cstripbooks%2C558&sr=1-2,4.3,548,https://www.flipkart.com/adiyogi-source-yoga-special-collector-s-free-magnet-hardback-slipcase-sadhguru/p/itm8a4591f256c66?pid=9789369892792&lid=LSTBOK9789369892792XPRH0H&marketplace=FLIPKART&q=Adiyogi%3A+The+Source+of+Yoga&store=bks&srno=s_1_1&otracker=search&otracker1=search&fm=Search&iid=7f3fb33a-7897-4bdd-9ab5-bcdf308d62fc.9789369892792.SEARCH&ppt=pp&ppn=pp&ssid=68quyrerb40000001745749904310&qH=30190433c1905575
Mirror Work: 21 Days to Heal Your Life,4.6,231,https://www.amazon.in/Mirror-Work-Days-Heal-Your/dp/9381431922/ref=sr_1_1_sspa?crid=3L9ITJQNG5BJF&dib=eyJ2IjoiMSJ9.z0FOvGh2xvPvfqPrARYVIzvUxrcjeupt81QC2ZjjkFrIRZie9Wh6kzIXQVn7VvqqZ-t7S0uiyJRapULwBpj_1sNWNZeo94U71YsYBXmKKj-vb1n2F8NIJO3MfOr0fEMZiWuNtqrBdyzHrBXTsjqSjbOYeJggsGeWGQ_5zIVCYy9yCIpQCF15wLEIiwozYNIQmMms7LhDFkFqhRkvLtjrcg.Rm-Nrewtl1iV7soBYCO2Cc3jProkNbR7ExBYFONOLnU&dib_tag=se&keywords=Mirror+Work%3A+21+Days+to+Heal+Your+Life&nsdOptOutParam=true&qid=1745750010&s=books&sprefix=mirror+work+21+days+to+heal+your+life%2Cstripbooks%2C373&sr=1-1-spons&sp_csd=d2lkZ2V0TmFtZT1zcF9hdGY&psc=1,4.5,231,https://www.flipkart.com/mirror-work-21-days-heal-your-life/p/itmf4mhdbkpvhwjz?pid=9789381431924&lid=LSTBOK9789381431924ZPXYGU&marketplace=FLIPKART&q=Mirror+Work%3A+21+Days+to+Heal+Your+Life&store=bks&srno=s_1_1&otracker=search&otracker1=search&fm=Search&iid=0f4f516e-f0a5-4300-a863-d7df3bcdee05.9789381431924.SEARCH&ppt=pp&ppn=pp&ssid=vu5yv4n3cw0000001745750076394&qH=36c80a8bae755a03
Hero (Secret (Rhonda Byrne)),4.6,493,https://www.amazon.in/Hero-Secret-Rhonda-Byrne/dp/1471133443/ref=sr_1_1?crid=2QOLQHK3H8HWB&dib=eyJ2IjoiMSJ9.07lW345ltDkMywBPOBzVJah5KnfXR__3tgh9L5tiSa_gldbNm-2Fu_M4jXXXhXfHsKbZYdwmI7j0SsIJaaoIt8nKpJ-7-qvOdz9X-EnRyFccCKjPmqEMYgyePZGAnZxvP8VdFA1v5rtCTYdWFPDrSgMXCSNDGBuj1dvcemwJS2WP7eXUxeIp5JyDrCyVXRQK80hh3qB52jL1oQLvE8u0wvWBg-bAEAZkuIA34J0SQk4.HXzNNHzrF9Fi_RBeFnEYz9OyeM6M0RkQqDjbxiL_pwc&dib_tag=se&keywords=Hero+%28Secret+%28Rhonda+Byrne%29%29&nsdOptOutParam=true&qid=1745750218&s=books&sprefix=hero+secret+rhonda+byrne+%2Cstripbooks%2C363&sr=1-1,4.6,212,https://www.flipkart.com/hero-secret-rhonda-byrne/p/itm98394f122b1b6?pid=RBKG8TZNFTAZN4SS&lid=LSTRBKG8TZNFTAZN4SSPQV0YL&marketplace=FLIPKART&q=Hero+%28Secret+%28Rhonda+Byrne%29%29&store=bks&srno=s_1_1&otracker=search&otracker1=search&fm=Search&iid=31081483-625e-4ce8-8a21-51498f75749d.RBKG8TZNFTAZN4SS.SEARCH&ppt=pp&ppn=pp&ssid=jx2x3c5rsw0000001745750121096&qH=343ba91617b1e940
How to Get From Where You Are to Where You Want to be,4.6,270,https://www.amazon.in/How-Get-Where-You-Want/dp/0007265492/ref=sr_1_1?crid=EMGRQV2Q3AXI&dib=eyJ2IjoiMSJ9.Esh4Ho2Mh2aA932tUHf4EuW_-mPkMbrNVchXhlwQgWCCjICUt1Aje-61la4t8G3LA_OOJXnAEAYeo2A37uMVA05cXMRDKRwo9PmtOKY0OYjR7pp9FLJczHAE24WSk8t3ZFArsVshpFGANn3T00SjLzLdREquiA7-sj6dcuYs64LAcjQx_RrHDWsSS7mj1Ll8KwPFGpQqmHg56HfeiJD-jQg-chbmGUruRvl-2g2CPMQ.sNnNDbC0V4eSAwDJF56uJu0YLLRvNDvUyS7KV9cSUL0&dib_tag=se&keywords=How+to+Get+From+Where+You+Are+to+Where+You+Want+to+be&nsdOptOutParam=true&qid=1745750263&s=books&sprefix=how+to+get+from+where+you+are+to+where+you+want+to+be%2Cstripbooks%2C332&sr=1-1,4.7,451,https://www.flipkart.com/get-you-want/p/itmezunpsqz6qphw?pid=9780007245758&lid=LSTBOK9780007245758RGSOPU&marketplace=FLIPKART&q=How+to+Get+From+Where+You+Are+to+Where+You+Want+to+be&store=bks&srno=s_1_2&otracker=search&otracker1=search&fm=Search&iid=86f6cba5-6280-458c-946e-c661e7dd4b28.9780007245758.SEARCH&ppt=pp&ppn=pp&ssid=k9mbo0rn0g0000001745750170702&qH=1aaa42aca7f2112b
Oswaal CBSE Question Bank Class 9 Science Chapterwise and Topicwise (For March...,4.6,418,https://www.amazon.in/Oswaal-Question-Science-Chapterwise-Topicwise-ebook/dp/B07S3WK9QN/ref=sr_1_1?crid=12XG2QSQ9EQDW&dib=eyJ2IjoiMSJ9.J2hDr6_LAO8j9ybyCV0VlhWbTbpTmlAN4epMnVWf_UGeWo4U3Z7n4Ao7LHoAFhgagtOikRm0USqXMmsNIzTGagb2dTW4GW1VD4Q1g3y__oBECHXdszdewbBHjU3LIWB2wAdMMex_kIKkkL2EYkS2A7rXoRDpR_q0ayLIQjo4_BmAPAK4jHE_xwWb2atraZSi.ZWkT4PysVzOf2hKfRvcAzaBjhZzdefCTw_3lx4LUIvk&dib_tag=se&keywords=Oswaal+CBSE+Question+Bank+Class+9+Science+Chapterwise+and+Topicwise+%28For+March...&nsdOptOutParam=true&qid=1745750316&s=books&sprefix=oswaal+cbse+question+bank+class+9+science+chapterwise+and+topicwise+for+march...%2Cstripbooks%2C557&sr=1-1,4.3,373,https://www.flipkart.com/cbse-question-bank-chapterwise-topicwise-solved-papers-class-9-social-science-for-exam-2024-25/p/itmdc2887a2e5fc3?pid=9789359589978&lid=LSTBOK9789359589978CYGXTN&marketplace=FLIPKART&q=Oswaal+CBSE+Question+Bank+Class+9+Science+Chapterwise+and+Topicwise+%28For+March..&store=bks&srno=s_1_1&otracker=search&otracker1=search&fm=Search&iid=98d55875-7573-4232-b4d3-471a4f28afaa.9789359589978.SEARCH&ppt=pp&ppn=pp&ssid=06ieggu8k00000001745750365003&qH=a45c87aefb846ad9
The Business School,4.4,249,https://www.amazon.in/Business-School-Robert-T-Kiyosaki/dp/8186775811/ref=sr_1_1_sspa?crid=XPL26XKPOB02&dib=eyJ2IjoiMSJ9.loWu5h7qmC-xwK0VgptxCb-xEOqs_3IOqdFg4qqVoBLUBU9sVDsS-JFWZY8sN1oUa8DlwtI2EMq7BM1Jo99ZcAkr6i2zBXQ98WAo7Kk1u1vVEk7NyM8qt4NhaN2DnhBqMqY6xsHKWozxnlgCs2vkyKBzalZa9FxIRPf3-OZmiSACw7Xpp0rJJSnDR8PHxffGCKshNn8q5mgjcqMo4L5kZoE_o1DPEgHTEfQtNpfoC3o.9fdIS77osFLFjH13J2dsqPruoqlPn1Umg7s9b_ITm6Y&dib_tag=se&keywords=The+Business+School&qid=1745750443&s=books&sprefix=the+business+school%2Cstripbooks%2C390&sr=1-1-spons&sp_csd=d2lkZ2V0TmFtZT1zcF9hdGY&psc=1,4.5,261,https://www.flipkart.com/rich-dad-s-business-school/p/itm8ac5b0e3a48ef?pid=9788186775813&lid=LSTBOK9788186775813UU5HHN&marketplace=FLIPKART&q=The+Business+School&store=search.flipkart.com&srno=s_1_1&otracker=search&otracker1=search&fm=Search&iid=e70fcda9-a5e9-4557-9266-53f110c324ee.9788186775813.SEARCH&ppt=pp&ppn=pp&ssid=t55801qi800000001745750401923&qH=adfd43eb58722654
Lakshya (Goals) (Hindi),4.5,277,https://www.amazon.in/Lakshya-Goals-Hindi-Brian-Tracy/dp/8183221785/ref=sr_1_1?crid=2TWHPO7F5GFAG&dib=eyJ2IjoiMSJ9.qA0hGB2UuXzxcDMydmupp7dr4EGhNfgzQ-xwhNjklxeZGUsNWpzTd1UNjgcZIk3mzM05ymg0ImvXPZmrIH6IleYrQC4kv6CssEd0GWXJVbdrt9VCnZxc0MEc8yEeDQuLnTJWipwnlvdgI2ENlmQlodYEf7T4wGMilyzZG2vhCtgQmnBcpWPhp4XVy5Hfn6R0._UkOxX1r6ZcbC3nBJ7ogfN3bRvFym0WZ0XMsZLym5D0&dib_tag=se&keywords=Lakshya+%28Goals%29+%28Hindi%29&nsdOptOutParam=true&qid=1745750483&s=books&sprefix=lakshya+goals+hindi+%2Cstripbooks%2C536&sr=1-1,3.9,697,https://www.flipkart.com/atomic-habits-chote-badlav-asadharan-parinaam-hindi-lakshya-ummid-se-pahle-payein-har-manchahi-cheez-hindi-goals/p/itm3170a564a939a?pid=RBKHB8YKSX9ZJFBK&lid=LSTRBKHB8YKSX9ZJFBKI8YKLU&marketplace=FLIPKART&q=Lakshya+%28Goals%29+%28Hindi%29&store=bks&srno=s_1_1&otracker=search&otracker1=search&fm=Search&iid=f7c8646c-76d5-42ac-8d9a-44634ef5f453.RBKHB8YKSX9ZJFBK.SEARCH&ppt=pp&ppn=pp&ssid=r43t2rwmsw0000001745750522690&qH=abc88f831fd78f73
Oswaal CBSE Question Bank Class 10 Social Science Chapterwise and Topicwise (...,4.9,551,https://www.amazon.in/Question-Chapter-wise-Topic-wise-Questions-Competency/dp/9368976139/ref=sr_1_1_sspa?crid=38XRI7FX68JQY&dib=eyJ2IjoiMSJ9.70UsAtJAaZkNVzWdfvSrRgyYgLlLBp1vVAyOcyWdgYhNBpxhFdBotfCCVcvL0znSye-Vmj4kDWOZq6Ri3XjQLgwgiXSZexzuvj5Xpc3O-0b-0YAvhO4xL9UdytkVrydM_Sr7vBC53-X3yCfo-axO_t8gnDzaG1TESrrWX8gHnSC9NoRbbpqEyZCwkfsQ0YExYk6f5jiGjby-16YBZTbbfG_x5oLEbzws4iHW_L15d-0.KzY6y7ILbEmSV_ODC1jMwUioL6lp8rrOtI3G84Y_fBw&dib_tag=se&keywords=Oswaal+CBSE+Question+Bank+Class+10+Social+Science+Chapterwise+and+Topicwise+%28...&nsdOptOutParam=true&qid=1745750641&s=books&sprefix=oswaal+cbse+question+bank+class+10+social+science+chapterwise+and+topicwise+...%2Cstripbooks%2C398&sr=1-1-spons&sp_csd=d2lkZ2V0TmFtZT1zcF9hdGY&psc=1,4.3,571,https://www.flipkart.com/oswaal-cbse-question-bank-class-10-social-science-chapterwise-topicwise-solved-papers-board-exams-2025/p/itm90e9823e42776?pid=9789359581231&lid=LSTBOK9789359581231OHQ0QC&marketplace=FLIPKART&q=Oswaal+CBSE+Question+Bank+Class+10+Social+Science+Chapterwise+and+Topicwise+%28...&store=bks&srno=s_1_1&otracker=search&otracker1=search&fm=Search&iid=33913496-07fb-403d-8108-f00a14280f5b.9789359581231.SEARCH&ppt=pp&ppn=pp&ssid=zh1tkxcaw00000001745750596283&qH=0d0ef580255b1602
CBSE All  In One Social Science Class 8 for 2018 - 19,4.4,551,https://www.amazon.in/CBSE-Social-Science-Class-2018/dp/9312147528/ref=sr_1_1?crid=IUD7EFZTBDZ3&dib=eyJ2IjoiMSJ9.pZhxBlOKBuxbWjJXyPHFZbHeaFsa7z3IUsNktEaO6u_GjHj071QN20LucGBJIEps.74PVpKbMbGIGLCjTH9X3vnKEND8YP_i0NvQILbp1-d0&dib_tag=se&keywords=CBSE+All+In+One+Social+Science+Class+8+for+2018+-+19&nsdOptOutParam=true&qid=1745750736&s=books&sprefix=cbse+all+in+one+social+science+class+8+for+2018+-+19%2Cstripbooks%2C488&sr=1-1,4.6,364,https://www.flipkart.com/oswaal-one-all-question-bank-ncert-cbse-class-8-social-science-for-2024-25-exam/p/itmaa873d6b5c060?pid=9789362396273&lid=LSTBOK9789362396273P0VZSG&marketplace=FLIPKART&q=CBSE+All++In+One+Social+Science+Class+8+for+2018+-+19&store=bks&srno=s_1_1&otracker=search&otracker1=search&fm=Search&iid=en_UKXzIymKdR-1TgfnEh5zxVTl-Q_vKL-J37nNWNKEGPXXjQ6mPrV7nKbP98UjQ4iqjDY-PH5sEJuJxhhomkBvAw%3D%3D&ppt=pp&ppn=pp&ssid=z4qtn3yoqo0000001745750850099&qH=732a6525a963f46f
Social Science & Pedagogy for CTET & TETs Class VI-VIII,4.4,240,https://www.amazon.in/Social-Science-Pedagogy-Class-VI-VIII/dp/9311130796/ref=sr_1_1?crid=3MAEMLXYHP4KL&dib=eyJ2IjoiMSJ9.c_z3-L2RjaA1wz4eOyK-vw11mTnR2JeGEBWLNIoLAOm_XeOsij4ibE_0qz0HzBrnx53O_NJF4CT6KwC0kFBZusGfTgPmkB6i8OAJxEPrgMFhfdLiJEIBAnApFRXCedc9HIY1gzhCz3TnThOm8juJOaDTbiCr2yN0M62-xDFs4v9CuilwdniZugaiiZ2rxoYpZqs0QLJvjaZM_m4iioxxX2Mm5fNDaa_1lVjZIYEfnbI.vcy6ppamBRlBmFqNPnk-USaOx8h-5OlufcTFlS9VXuA&dib_tag=se&keywords=Social+Science+%26+Pedagogy+for+CTET+%26+TETs+Class+VI-VIII&nsdOptOutParam=true&qid=1745751010&s=books&sprefix=social+science+%26+pedagogy+for+ctet+%26+tets+class+vi-viii%2Cstripbooks%2C692&sr=1-1,3.9,345,https://www.flipkart.com/oldediton-arihant-scorernotessocialscience-pedagogyctet-tets-classvi-viii/p/itm3aa7cec3f148b?pid=9789364370004&lid=LSTBOK9789364370004BXHNXZ&marketplace=FLIPKART&q=Social+Science+%26+Pedagogy+for+CTET+%26+TETs+Class+VI-VIII&store=bks&srno=s_1_2&otracker=search&otracker1=search&fm=Search&iid=4c488214-3236-4a48-a18b-49a6892bdd43.9789364370004.SEARCH&ppt=pp&ppn=pp&ssid=5itwdwpgfk0000001745750961317&qH=528ee68db7b4bf04
Oswaal NCERT & CBSE Question Banks Class 8 Social Science,4.1,274,https://www.amazon.in/Oswaal-Question-Class-8-Social-Science/dp/9362396270/ref=sr_1_1?crid=QS96F1PUXJ8G&dib=eyJ2IjoiMSJ9.nFU05-l9qMxGGI-TYTeDO8AGz_NKfwaj1zvCPv5czqFuo503mwiEHmLutxWq3fQqw1pFt9pMruLSjcIZFBZHAe-ZiCrPGP8fCcqqsRI9a97BiEqfqgUv5WFBlBrYbAqtVrp7vqxpgAn0mNFUV2FLsVWXi6nfKVE3DPPlZa1cU_uLoMwXJyHPdNKKEZtUMi2hzjrZSmO9Z6SsrS1SMYEJBiSmRnjJmnA6rZxasAWHWn4.yGWlJQ9V6_USbRG2iyqEtgHypOdxQRyDR6YSZgr1BYk&dib_tag=se&keywords=Oswaal+NCERT+%26+CBSE+Question+Banks+Class+8+Social+Science&nsdOptOutParam=true&qid=1745751056&s=books&sprefix=oswaal+ncert+%26+cbse+question+banks+class+8+social+science%2Cstripbooks%2C376&sr=1-1,3.9,364,https://www.flipkart.com/oswaal-one-all-question-bank-ncert-cbse-class-8-social-science-for-2024-25-exam/p/itmaa873d6b5c060?pid=9789362396273&lid=LSTBOK9789362396273P0VZSG&marketplace=FLIPKART&q=Oswaal+NCERT+%26+CBSE+Question+Banks+Class+8+Social+Science&store=bks&srno=s_1_3&otracker=search&otracker1=search&fm=Search&iid=26868cbb-2de8-490b-b9b0-4e5f98d96ab0.9789362396273.SEARCH&ppt=pp&ppn=pp&ssid=yyluqbk6xs0000001745751130558&qH=650f3c051ac7c4ba
Together with CBSE/NCERT Practice Material Chapterwise for Class 10 Social Science...,4.5,349,https://www.amazon.in/Oswaal-Question-Hindi-B-Chapterwise-Topicwise/dp/9359584037/ref=sr_1_3?crid=1FRE45W9L2RZC&dib=eyJ2IjoiMSJ9.9hbRh_B5i9dYAtMrCbz1-e3p2f2lZq9YTPOHD39MOZvwsZmH_veQxsO9xRTeWrriyokzP2_aPv7CEWSJzvgqyQ.PGoZvUygCaYLosZrBeByVZe0glWogINmb6sXDeXtPOg&dib_tag=se&keywords=Together+with+CBSE%2FNCERT+Practice+Material+Chapterwise+for+Class+10+Social+Science...&nsdOptOutParam=true&qid=1745751558&s=books&sprefix=together+with+cbse%2Fncert+practice+material+chapterwise+for+class+10+social+science...%2Cstripbooks%2C370&sr=1-3,3.8,359,https://www.flipkart.com/together-social-science-ncert-workbook-cum-practice-material-class-8/p/itmc44a64c14d167?pid=9789356186545&lid=LSTBOK97893561865456KZZZU&marketplace=FLIPKART&q=Together+with+CBSE%2FNCERT+Practice+Material+Chapterwise+for+Class+10+Social+Science...&store=bks&srno=s_1_5&otracker=search&otracker1=search&fm=Search&iid=a8280a8c-06f7-49b8-b43c-5fc62e3da39d.9789356186545.SEARCH&ppt=pp&ppn=pp&ssid=5810oy58s00000001745751518524&qH=2d9166275485618d
CBSE WORKBOOK SOCIAL SCIENCE CLASS 6 for 2018 - 19,4.3,150,https://www.amazon.in/CBSE-WORKBOOK-SOCIAL-SCIENCE-CLASS/dp/9311121924/ref=sr_1_1?crid=3K1MDJTIWPMEK&dib=eyJ2IjoiMSJ9.p4h9sCx7lZES1ElNbba_Lw.U3ptiMLJiPCXZluPxNugaloi--duSYLjsgFSP0BJuAc&dib_tag=se&keywords=CBSE+WORKBOOK+SOCIAL+SCIENCE+CLASS+6+for+2018+-+19&nsdOptOutParam=true&qid=1745751603&s=books&sprefix=cbse+workbook+social+science+class+6+for+2018+-+19%2Cstripbooks%2C422&sr=1-1,4.8,288,https://www.flipkart.com/one-all-question-bank-ncert-cbse-class-6-social-science-latest-exam/p/itm1ece4bb88b2bf?pid=9789362394521&lid=LSTBOK9789362394521SMYZY0&marketplace=FLIPKART&q=CBSE+WORKBOOK+SOCIAL+SCIENCE+CLASS+6+for+2018+-+19&store=bks&srno=s_1_4&otracker=search&otracker1=search&fm=Search&iid=de68e826-b9ef-40a6-9eb2-89c621c79402.9789362394521.SEARCH&ppt=pp&ppn=pp&ssid=8xklkbkdls0000001745751656680&qH=d6a2f8146e4dc667
Golden Social Science: (With Sample Papers) A Refresher for Class 10 (For 2019...,4.4,499,https://www.amazon.in/Golden-Science-History-Geography-Economics/dp/8122449557/ref=sr_1_2?crid=35BU2VT902GYI&dib=eyJ2IjoiMSJ9.jXzdEoze7RaT6YzCcUnM9VGMXLbEGjTf6QOxnkedDTuam7pNvQ-Xq5Ideecc3bZGmE5_q1pmdkA_-ThLj6e93Q.xEiD_S9VFF11NRNAA_ERw_bzv9V7c3410E4jplns62w&dib_tag=se&keywords=Golden+Social+Science%3A+%28With+Sample+Papers%29+A+Refresher+for+Class+10+%28For+2019...&nsdOptOutParam=true&qid=1745751821&s=books&sprefix=golden+social+science+with+sample+papers+a+refresher+for+class+10+for+2019...%2Cstripbooks%2C519&sr=1-2,4.4,459,https://www.flipkart.com/all-one-social-science-cbse-class-10th-based-latest-ncert-exams-2025-mind-map-each-chapter-clear-concise-theory-intex-exercises-sample-question-papers/p/itm9b23c3276790d?pid=9789359986708&lid=LSTBOK9789359986708QZJI3G&marketplace=FLIPKART&q=Golden+Social+Science%3A+%28With+Sample+Papers%29+A+Refresher+for+Class+10+%28For+2019...&store=bks&srno=s_1_1&otracker=search&otracker1=search&fm=Search&iid=en_UpSwMdomAEru6rxbIosqg5HHteFu_SwufOPEGTr438sKRYzs_GD0jxEq-p1-skpTuVGcvmVkuriwCjw_yB8dMA%3D%3D&ppt=pp&ppn=pp&ssid=oievnzju0w0000001745751767916&qH=880389109d607020
Oswaal CBSE Sample Question Paper Class 9 Science (For March 2019 Exam),4.4,166,https://www.amazon.in/Oswaal-Sample-Question-Social-Science/dp/9388036670/ref=sr_1_1?crid=1CACJJFTF3IO9&dib=eyJ2IjoiMSJ9.Io7_6IfshjeeWrpCtqAwHDklNnUMhiT2GN_byw5upR_4QSDwnItYMJ7P43s_mX4l9NMIR_d5HO7xjktDgZ6m0XrUuAERatS4Ei1Lc0dCVQZbMa0P-wv99YeJ6cPO046I1L07Vr_bKBdea8snGZUWVA.Pc4YrTNstIkRPu4bSGx5In9rTMdxjdUNGTSVg_40cHg&dib_tag=se&keywords=Oswaal+CBSE+Sample+Question+Paper+Class+9+Science+%28For+March+2019+Exam%29&nsdOptOutParam=true&qid=1745751986&s=books&sprefix=oswaal+cbse+sample+question+paper+class+9+science+for+march+2019+exam+%2Cstripbooks%2C496&sr=1-1,4.5,231,https://www.flipkart.com/oswaal-cbse-sample-question-papers-class-9-science-book-for-2025-exam/p/itm059f2a7d9c350?pid=9789362391049&lid=LSTBOK9789362391049QVOUP2&marketplace=FLIPKART&q=Oswaal+CBSE+Sample+Question+Paper+Class+9+Science+%28For+March+2019+Exam%29&store=bks&srno=s_1_1&otracker=search&otracker1=search&fm=Search&iid=e0111688-6fc4-4b66-afdb-e23701c2ccaa.9789362391049.SEARCH&ppt=pp&ppn=pp&ssid=j2vmel05wg0000001745752052498&qH=120352ab97743a19
The Holy Science,4.6,544,https://www.amazon.in/Holy-Science-Sri-Yukteswar-Giri/dp/1946774952/ref=sr_1_1_sspa?crid=1SBFAC8TPCH3A&dib=eyJ2IjoiMSJ9.sKLSMjd0UuVEHUTclhvLsJRnsOvRoiIZVqMHB7iEMeG3cIEALU9vmuu3NnDiNPmtWN05oIKJmEJuWm9rM_65mgv1qFLAQlFudMntnlo5ajLMWpwN7HSjlaRpFz1Do6jZ7XnqC-xfmc-3LJmeuSMbAyGOXkrg52G7dcUsTYlQCTLTM-Jysk7hOfTZJl4y9zc6nDyPFURwJBIX5OSfouW4kRkTOqXfngS12OewpbMPdxg.fiBrdPm9MiR-ggc1OSQW5MOgRGosyWGFOuIk3syNkwY&dib_tag=se&keywords=The+Holy+Science&qid=1745752138&s=books&sprefix=the+holy+science%2Cstripbooks%2C611&sr=1-1-spons&sp_csd=d2lkZ2V0TmFtZT1zcF9hdGY&psc=1,3.9,964,https://www.flipkart.com/pyh-tiede-holy-science-finnish/p/itmf4hyuxtpkprqu?pid=9780876124635&lid=LSTBOK9780876124635MZ7KF9&marketplace=FLIPKART&q=The+Holy+Science&store=bks&srno=s_1_2&otracker=search&otracker1=search&fm=Search&iid=3cf042e8-04a4-403d-a144-dce06ea4aea6.9780876124635.SEARCH&ppt=pp&ppn=pp&ssid=7hxo32j8xs0000001745752092510&qH=25c98830dee845c4
Sociology of Indian Society,4.3,569,https://www.amazon.in/Sociology-Indian-Society-C-N-Shankar/dp/8121924030/ref=sr_1_3?crid=1GKTG5PRLWT1C&dib=eyJ2IjoiMSJ9.skt9P1npaUOG56eYGnIkJMaaO_uBwr__TTI_7mPScnnHERzVV2cLpY3EL6T6TAH2QadpNvOs0TEFKnu2XYppw0UmiZ4NCxnMhia3_FSXnOKFvAShyFUaCmlOj_w5RvlWLgN7QJQdpyLJYGfVXnI3jJ2T7MqOQVqPT9ZeK_dIyTXpSSbfzI5B1Od5J7rmdIrA05fHXRIxbRkSfFoD0VLb-DumyZIExp7ATcVJbkheE_U.FnUpLbBhsutMN603a49dKxVQo6K_wH2u9wpFyxoW9Oo&dib_tag=se&keywords=Sociology+of+Indian+Society&qid=1745752247&s=books&sprefix=sociology+of+indian+society%2Cstripbooks%2C344&sr=1-3,4.4,569,https://www.flipkart.com/sociology-indian-society/p/itmdytgad3zvhggy?pid=9788121924030&lid=LSTBOK9788121924030H2CXVM&marketplace=FLIPKART&q=Sociology+of+Indian+Society&store=bks&srno=s_1_1&otracker=search&otracker1=search&fm=Search&iid=e9a0a88e-9fb1-4440-88af-619cb28d7294.9788121924030.SEARCH&ppt=pp&ppn=pp&ssid=q69xtz1gjk0000001745752297985&qH=53597f94cde239fb
The Business School,4.4,2249,https://www.amazon.in/Business-School-Robert-T-Kiyosaki/dp/8186775811/ref=sr_1_1_sspa?crid=XPL26XKPOB02&dib=eyJ2IjoiMSJ9.loWu5h7qmC-xwK0VgptxCb-xEOqs_3IOqdFg4qqVoBLUBU9sVDsS-JFWZY8sN1oUa8DlwtI2EMq7BM1Jo99ZcAkr6i2zBXQ98WAo7Kk1u1vVEk7NyM8qt4NhaN2DnhBqMqY6xsHKWozxnlgCs2vkyKBzalZa9FxIRPf3-OZmiSACw7Xpp0rJJSnDR8PHxffGCKshNn8q5mgjcqMo4L5kZoE_o1DPEgHTEfQtNpfoC3o.9fdIS77osFLFjH13J2dsqPruoqlPn1Umg7s9b_ITm6Y&dib_tag=se&keywords=The+Business+School&qid=1745750443&s=books&sprefix=the+business+school%2Cstripbooks%2C390&sr=1-1-spons&sp_csd=d2lkZ2V0TmFtZT1zcF9hdGY&psc=1,4.5,261,https://www.flipkart.com/rich-dad-s-business-school/p/itm8ac5b0e3a48ef?pid=9788186775813&lid=LSTBOK9788186775813UU5HHN&marketplace=FLIPKART&q=The+Business+School&store=search.flipkart.com&srno=s_1_1&otracker=search&otracker1=search&fm=Search&iid=e70fcda9-a5e9-4557-9266-53f110c324ee.9788186775813.SEARCH&ppt=pp&ppn=pp&ssid=t55801qi800000001745750401923&qH=adfd43eb58722654
Social Problems In India,2,427,https://www.amazon.in/Social-Problems-Printed-Spiral-Sociology/dp/B08WCKCFPV/ref=sr_1_2_sspa?crid=2NSF0AWIRYQUI&dib=eyJ2IjoiMSJ9.SUYSR4AEQZ-h0I8-qY3P2FVrFjcw7tLpsVUOnKsZe0YY0-0diRyVAmHnJo_xgRtSEcQwtaYu88XV5DixUxj-IiT28qKJPZD3Su58wZQrlZc5maRSUpEFSAsh1rGWJOjLtD6ljPPC9C0uCkpn7MYh5NGIFQNR_HUGoe0wK4IxH91bC0SUBRLh8z9-DrOFGKvMN0r-HnJNngmzAhPq8CV9RJnP8fDLNj_yhVxNOANpCd8.jqj7KPl7qTDQJUwYXH_1IYofLqaDuXKyFPnvXbxzsdk&dib_tag=se&keywords=Social+Problems+In+India&qid=1745752505&s=books&sprefix=social+problems+in+india%2Cstripbooks%2C319&sr=1-2-spons&sp_csd=d2lkZ2V0TmFtZT1zcF9hdGY&psc=1,4.1,401,https://www.flipkart.com/social-problems-india/p/itm0f999682b0789?pid=RBKGCY9M34YCQZT6&lid=LSTRBKGCY9M34YCQZT65LG6AA&marketplace=FLIPKART&q=Social+Problems+In+India&store=bks&srno=s_1_5&otracker=search&otracker1=search&fm=Search&iid=2bee68b7-b973-43b1-9267-c2a546f02140.RBKGCY9M34YCQZT6.SEARCH&ppt=pp&ppn=pp&ssid=dgnyqpoh4w0000001745752467783&qH=49eb628e07b0680f
,,,,,,
,,,,,,
,,,,,,
,,,,,,
,,,,,,
,,,,,,
,,,,,,
,,,,,,
,,,,,,
,,,,,,
,,,,,,
,,,,,,
,,,,,,
,,,,,,
,,,,,,
,,,,,,
,,,,,,
,,,,,,
,,,,,,
,,,,,,
,,,,,,
,,,,,,
,,,,,,
,,,,,,
,,,,,,
,,,,,,
,,,,,,
,,,,,,
,,,,,,
,,,,,,
,,,,,,
,,,,,,
,,,,,,
,,,,,,
,,,,,,
,,,,,,
,,,,,,
,,,,,,
,,,,,,
,,,,,,
,,,,,,
,,,,,,
,,,,,,
,,,,,,
,,,,,,
,,,,,,
,,,,,,
,,,,,,
,,,,,,
,,,,,,
,,,,,,
,,,,,,
,,,,,,
,,,,,,
,,,,,,
,,,,,,
,,,,,,
,,,,,,
,,,,,,
,,,,,,
,,,,,,
,,,,,,
,,,,,,
,,,,,,
,,,,,,
,,,,,,
,,,,,,
,,,,,,
,,,,,,
,,,,,,
,,,,,,
,,,,,,
,,,,,,
,,,,,,
,,,,,,
,,,,,,
,,,,,,
,,,,,,
,,,,,,
,,,,,,
,,,,,,
,,,,,,
,,,,,,
,,,,,,
,,,,,,
,,,,,,
,,,,,,
,,,,,,
,,,,,,
,,,,,,
,,,,,,
,,,,,,
,,,,,,
,,,,,,
,,,,,,
,,,,,,
,,,,,,
,,,,,,
,,,,,,
,,,,,,
,,,,,,
,,,,,,
,,,,,,
,,,,,,
,,,,,,
,,,,,,
,,,,,,
,,,,,,
,,,,,,
,,,,,,
,,,,,,
,,,,,,
,,,,,,
,,,,,,
,,,,,,
,,,,,,
,,,,,,
,,,,,,
,,,,,,
,,,,,,
,,,,,,
Around India in 80 Trains,,,,,,
Tales from India,,,,,,
The Alchemist,,,,,,
World Map,,,,,,
India Map,,,,,,
The Theory of Everything,,,,,,
One Life to Ride: A Motorcycle Journey to the High Himalayas,,,,,,
Travels in a Dervish Cloak: Adventures in Pakistan,,,,,,
The Age of Kali: Indian Travels and Encounters,,,,,,
Gazing at Neighbours: Travels Along the Line That Partitioned India,,,,,,
The Greatest Salesman in the World,,,,,,
Miracles of Your Mind,,,,,,
Youre the Password to My Life,,,,,,
Indian Mammals: A Field Guide,,,,,,
When Breath Becomes Air,,,,,,
Ivory Throne: Chronicles of the House of Travancore,,,,,,
Adiyogi: The Source of Yoga,,,,,,
Mossad,,,,,,
If Truth Be Told: A Monk's Memoir,,,,,,
A Feast of Vultures: The Hidden Business of Democracy in India,,,,,,
My Story,,,,,,
Inspiring Thoughts (Inspiring Thoughts Quotation Series),,,,,,
12 Years a Slave,,,,,,
AAP & Down: An Insiders Story of Indias Most Controversial Party,,,,,,
Rekha: The Untold Story,,,,,,
The Dirty Dozen: Hitmen of the Mumbai Underworld,,,,,,
Lankas Princess,,,,,,
SuperCouples,,,,,,
Lone Fox Dancing: My Autobiography,,,,,,
One Life is not Enough: An Autobiography,,,,,,
Curfewed Night,,,,,,
Commando,,,,,,
"Behold, I Shine: Narratives of Kashmir's Women and Children",,,,,,
Headley And I,,,,,,
Byculla to Bangkok,,,,,,
Ace against Odds,,,,,,
Not Just an Accountant: The Diary of the Nations Conscience Keeper,,,,,,
"Who Cheats and How?: Scams, Frauds and the Dark Side of the Corporate World:...",,,,,,
Indira: Indias Most Powerful Prime Minister,,,,,,
KPS Gill the Paramount Cop,,,,,,
The Last Lecture,,,,,,
The Book Thief (Definitions Young Adult),,,,,,
If I Stay,,,,,,
Why I Am a Hindu,,,,,,
The Perks of Being a Wallflower,,,,,,
Great Stories for Children,,,,,,
Fangirl,,,,,,
Harry Potter and the Philosopher's Stone,,,,,,
How to Win Friends and Influence People,,,,,,
1984,,,,,,
Harry Potter and the Chamber of Secrets (Harry Potter 2),,,,,,
Fever Code (Prequel Maze Runner) (Maze Runner Series),,,,,,
Glass Sword (Red Queen),,,,,,
Harry Potter and the Goblet of Fire (Harry Potter 4),,,,,,
The Animal Book: A Visual Encyclopedia of Life on Earth (Reference),,,,,,
Heartless,,,,,,
Harry Potter and the Prisoner of Azkaban (Harry Potter 3),,,,,,
The Secret to Teen Power,,,,,,
Harry Potter and the Order of the Phoenix (Harry Potter 5),,,,,,
Geronimo Stilton and the Kingdom of Fantasy #8 - The Hour of Magic,,,,,,
Harry Potter and the Deathly Hallows (Harry Potter 7),,,,,,
Sita's Ramayana,,,,,,
The Maze Runner #02 Scorch Trials Movie Tie-in,,,,,,
Tom Gates #10: Super Good Skills (Almost . . .),,,,,,
